county_name,censuskey,c14_median_income,c14_trav_time_to_work,c14_total_pop,c14_pct_hispanic,c14_pct_non_hispanic,c14_pct_white,c14_pct_black,c14_pct_asian,c14_pct_multirace,c14_pct_occupation_agriculture,c14_pct_occupation_mining,c14_pct_occupation_manufacturing,c14_pct_occupation_other_svcs,c14_pct_occupation_public_admin,c14_pct_occupation_retail,c14_pct_occupation_wholesale,c14_pct_occupation_armed_forces,c14_pct_occupation_employedcivilian,c14_pct_occupation_unemployedcivilian,c14_pct_occupation_farming,c14_pct_nohsdegree,c14_pct_hsdegree,c14_pct_somecollege,c14_pct_collegedegree,c14_pct_privateschool,c14_pct_publicschool,c14_pop_density_sqmile,c14_pct_renter,c14_pct_owner,c14_pct_multitenant,n_adults
ANDERSON,48001,42991,24,1487,15.00,84.99,70.9235897435897,17.5084615384615,0.687948717948718,2.36666666666667,0.765897435897436,7.95897435897436,4.79564102564103,5.10846153846154,13.5402564102564,9.26025641025641,1.42769230769231,0,93.3212820512821,6.67871794871795,0.635641025641026,16.70,37.72,24.89,16.92,5.02,94.97,531,31.3658974358974,68.634358974359,11.35,25215
ANDREWS,48003,55507,21,1535,54.52,45.47,76.3163636363636,2.51818181818182,0.693636363636364,2.48272727272727,0.807272727272727,21.1445454545455,8.39181818181818,2.64454545454545,0.929090909090909,9.67090909090909,1.79,0,96.5709090909091,3.42909090909091,0.730909090909091,26.29,29.96,26.02,14.04,4.72,95.27,2853,22.7790909090909,77.2209090909091,9.05,8189
ANGELINA,48005,38991,21,1695,23.02,76.97,66.6528846153846,18.3175,0.896923076923077,2.05038461538462,2.13403846153846,1.56576923076923,15.0296153846154,5.06019230769231,3.74403846153846,11.3528846153846,2.32346153846154,0,93.1094230769231,6.89057692307692,0.321923076923077,23.30,30.62,24.43,16.12,1.08,98.91,903,34.7075,65.2925,13.70,48129
ARANSAS,48007,46479,21,1356,25.68,74.31,86.0677777777778,1.85333333333333,2.11777777777778,2.34333333333333,0.710555555555556,2.05388888888889,6.90444444444444,8.17111111111111,5.41444444444444,9.895,2.77222222222222,0.0916666666666667,95.115,4.79277777777778,2.14055555555556,17.09,30.97,23.92,20.21,2.45,97.54,1009,24.6455555555556,75.3544444444445,11.51,15124
ARCHER,48009,56096,20,960,7.93,92.06,92.9822222222222,0.548888888888889,0.24,2.04222222222222,6.54555555555556,5.08444444444445,5.74222222222222,5.07444444444444,7.58444444444444,10.1544444444444,2.02666666666667,0.57,95.22,4.21,3.35555555555556,12.98,39.08,24.05,19.67,3.35,96.64,297,19.26,80.74,6.26,5808
ARMSTRONG,48011,49590,26,656,9.01,90.98,90.5833333333333,1.25,0.0466666666666667,1.30666666666667,9.75666666666667,0,5.03333333333333,5.59666666666667,9.60666666666667,14.0866666666667,3.68,0,96.2933333333333,3.70666666666667,0.716666666666667,7.50,26.70,28.81,28.29,0.00,100.00,600,17.5,82.5,1.74,1326
ATASCOSA,48013,46301,32,1916,62.21,37.78,84.412,1.22,0.41,2.3896,3.1888,2.5656,6.2112,4.31,2.9064,12.4492,3.1296,0.0384,94.4864,5.4756,1.3636,24.52,36.60,22.24,12.86,7.22,92.77,419,25.5744,74.4256,5.27,23303
AUSTIN,48015,50056,28,1442,25.71,74.28,76.7885,9.894,0.4135,2.5445,1.818,1.855,15.579,5.0675,4.2295,12.3325,3.033,0.01,95.1155,4.8745,1.311,17.78,34.88,24.25,18.21,7.64,92.36,263,24.1995,75.8005,8.96,18098
BAILEY,48017,37093,15,1187,64.20,35.79,72.4366666666667,1.36833333333333,0.51,2.20333333333333,24.9266666666667,0,9.63666666666667,6.35166666666667,3.97666666666667,7.405,1.29,0,93.2283333333333,6.77166666666667,18.1016666666667,33.58,27.03,17.80,17.16,0.00,100.00,907,32.8333333333333,67.1666666666667,7.58,3437
BANDERA,48019,47813,33,1719,17.64,82.35,91.7166666666667,0.728333333333333,0.344166666666667,2.08333333333333,5.28333333333333,0.64,4.27416666666667,8.00416666666667,5.54166666666667,9.29166666666667,0.7775,0.925,94.095,4.97916666666667,3.48666666666667,12.50,32.30,23.94,24.42,6.24,93.75,116,17.0808333333333,82.92,1.09,14266
BASTROP,48021,51542,34,1967,33.02,66.97,73.1879487179487,8.06717948717949,0.829230769230769,2.96564102564103,1.24589743589744,0.90025641025641,9.09717948717949,5.75153846153846,10.13,12.2823076923077,1.77538461538462,0.241538461538462,94.4717948717949,5.28692307692308,0.48,19.40,33.43,23.26,18.57,1.11,98.88,356,24.4312820512821,75.5687179487179,7.77,40249
BAYLOR,48023,33123,20,713,14.06,85.93,88.854,2.996,0.286,2.668,9.504,0,0.134,6.95,12.062,14.272,3.026,0,95.87,4.13,3.216,14.28,34.99,20.79,23.07,0.37,99.63,379,27.138,72.862,13.39,2333
BEE,48025,38035,22,1370,62.62,37.37,79.5104166666667,4.4575,0.613333333333333,2.92958333333333,4.54208333333333,4.59875,1.57791666666667,8.69958333333333,21.1429166666667,8.87125,0.5625,0.0345833333333333,93.3195833333333,6.64541666666667,4.85541666666667,28.93,27.69,24.47,13.85,9.61,90.38,1961,32.3391666666667,63.4941666666667,10.74,14313
BELL,48027,47095,20,1751,24.93,75.06,60.0613157894737,20.9654736842105,2.71794736842105,5.16078947368421,0.559947368421053,0.263105263157895,6.42331578947368,4.422,10.1317368421053,11.6962105263158,1.96531578947368,15.3113157894737,78.9915263157895,5.17026315789474,0.183052631578947,12.29,31.33,28.33,21.31,2.37,97.62,2978,49.5806315789474,49.8931052631579,27.61,165068
BEXAR,48029,50318,25,1696,62.59,37.40,72.9133487084871,7.0525,2.03093173431734,3.39870848708487,0.28760147601476,0.36090405904059,6.19417896678967,5.64004612546126,5.0934594095941,11.7399169741697,2.30279520295203,1.43729704797048,92.4137361623616,5.96455719557196,0.198357933579336,20.64,26.21,23.17,21.43,6.61,93.38,5081,38.4437084870849,61.3718173431734,23.54,939197
BLANCO,48031,53541,28,1538,19.80,80.19,87.8257142857143,1.31714285714286,0.678571428571429,2.44142857142857,3.33,0.564285714285714,1.89428571428571,3.38,5.14428571428571,11.8228571428571,0.828571428571429,0,95.3114285714286,4.68857142857143,1.46,11.28,33.33,24.13,24.54,4.76,95.23,133,22.5242857142857,77.4757142857143,7.79,7206
BORDEN,48033,58069,21,619,16.16,83.84,92.41,0.32,0.16,1.94,8.66,6.82,3.67,3.67,9.97,7.35,2.89,0,97.44,2.56,3.41,15.81,45.88,12.47,22.94,0.00,100.00,0,34.38,65.63,0.26,353
BOSQUE,48035,41597,29,1197,16.91,83.08,88.2906666666667,1.982,0.469333333333333,2.13866666666667,3.98866666666667,2.42866666666667,9.70466666666667,5.316,4.56133333333333,8.77533333333333,2.136,0.02,93.9953333333333,5.98466666666667,1.498,21.58,36.09,22.03,15.07,5.92,94.07,597,25.422,74.578,6.27,10778
BOWIE,48037,40043,20,1269,6.76,93.23,65.0705405405405,27.1414864864865,0.875675675675676,2.54513513513513,0.64027027027027,0.44027027027027,7.14581081081081,5.02432432432433,13.7885135135135,13.0741891891892,2.96108108108108,0.212027027027027,92.8483783783784,6.93905405405405,0.863108108108108,14.23,34.20,27.87,16.80,7.25,92.74,1379,35.5135135135135,63.1351351351351,13.77,55038
BRAZORIA,48039,60543,29,1898,31.96,68.03,73.6750847457627,9.79802259887006,2.68242937853107,2.64254237288136,0.606892655367232,1.73112994350282,13.4327683615819,4.29943502824859,4.2661581920904,10.8853107344633,3.27440677966102,0.208418079096045,93.6267796610169,6.16446327683616,0.447118644067797,17.52,28.37,26.35,20.71,3.78,96.21,1802,27.250395480226,72.7496610169491,12.74,180779
BRAZOS,48041,44007,18,1753,26.96,73.03,69.9022881355932,12.1761016949153,5.10508474576271,2.60762711864407,1.7764406779661,0.823220338983051,6.72076271186441,5.64033898305085,2.56694915254237,9.77669491525424,1.93949152542373,0.402203389830508,95.0447457627119,3.70525423728814,0.347372881355932,15.83,22.85,18.93,24.11,7.51,92.48,4218,52.6134745762712,46.5391525423729,34.03,90519
BREWSTER,48043,42675,15,1034,43.95,56.04,86.0022222222222,1.12444444444444,0.914444444444445,2.88444444444444,5.93888888888889,1.51666666666667,4.59111111111111,4.99333333333333,6.07,13.5388888888889,1.36666666666667,0,95.4144444444444,4.58555555555556,2.11666666666667,17.31,21.18,21.49,24.95,42.25,57.74,658,36.1111111111111,63.8888888888889,13.40,6505
BRISCOE,48045,37586,21,1589,28.26,71.74,86.09,2.77,0,2.71,25.26,1.44,2.67,6.78,14.37,7.6,5.54,0,94.2,5.8,11.09,19.75,35.26,21.10,19.75,0.00,100.00,1,21.36,78.64,2.00,999
BROOKS,48047,29049,19,1027,90.69,9.30,88.1628571428571,0.978571428571429,0.225714285714286,1.65428571428571,7.22142857142857,11.2414285714286,0.672857142857143,2.56857142857143,11.0685714285714,10.5514285714286,0.601428571428571,0,92.6042857142857,7.39571428571429,5.94,45.23,28.15,13.66,10.73,0.78,99.21,940,29.5842857142857,70.4157142857143,8.18,5855
BROWN,48049,40686,17,1181,23.30,76.69,84.1703125,3.880625,0.4978125,2.615,2.329375,0.7246875,18.343125,4.69,7.2484375,11.0103125,1.4490625,0.0625,93.7628125,6.174375,1.249375,18.40,38.19,23.83,15.13,1.56,98.43,1178,32.24,67.76,13.75,21969
BURLESON,48051,47970,29,1241,19.83,80.16,75.645,13.1942857142857,0.371428571428571,2.38285714285714,3.825,7.57785714285714,8.07,4.88357142857143,4.21142857142857,13.29,1.07214285714286,0.0264285714285714,94.4757142857143,5.49857142857143,2.29142857142857,23.30,39.18,20.23,12.80,0.94,99.05,181,20.2328571428571,79.7671428571429,5.89,10679
BURNET,48053,49984,27,1622,20.19,79.80,87.5333333333333,2.28259259259259,0.704074074074074,2.09259259259259,1.65222222222222,2.13074074074074,6.13592592592593,4.74185185185185,5.65925925925926,11.6140740740741,2.27148148148148,0.0274074074074074,95.4540740740741,4.51851851851852,0.798888888888889,15.10,30.40,27.99,19.85,2.19,97.80,345,27.8740740740741,72.1259259259259,10.68,26330
CALDWELL,48055,43580,32,1573,50.11,49.88,73.7832,7.0904,0.9124,3.03,0.97,3.468,7.098,4.5148,10.7096,11.726,3.9052,0.5676,93.8884,5.544,0.1308,26.18,36.58,18.50,14.89,0.41,99.58,674,33.244,66.756,14.63,19881
CALHOUN,48057,46214,23,1290,47.61,52.38,81.2835294117647,2.60235294117647,3.65058823529412,2.35588235294118,2.77823529411765,3.22352941176471,21.4982352941176,3.29176470588235,2.79470588235294,10.9711764705882,1.33470588235294,0.107058823529412,94.1629411764706,5.73,0.862941176470588,22.69,36.05,22.43,15.41,3.50,96.49,1572,28.0605882352941,71.9394117647059,8.66,12102
CALLAHAN,48059,43907,25,1129,9.66,90.34,92.28,1.63083333333333,0.569166666666667,2.1675,2.225,4.16166666666667,5.91166666666667,7.7125,5.15,10.6575,1.54666666666667,0.345833333333333,95.2966666666667,4.35833333333333,1.1325,14.00,37.93,25.60,17.43,10.53,89.46,331,21.0583333333333,78.9416666666667,2.20,8495
CAMERON,48061,30993,21,1882,88.15,11.84,86.4619196428572,0.761116071428572,0.641160714285714,1.58959821428571,1.69892857142857,0.795223214285714,4.41705357142857,6.75598214285714,6.13772321428571,10.8666964285714,2.12491071428571,0.0513839285714286,89.93,9.57214285714286,1.34102678571429,38.27,24.49,18.04,15.57,2.23,97.76,3826,35.6840625,63.8695535714286,21.31,179382
CAMP,48063,35555,22,1390,24.39,75.60,63.0011111111111,19.9355555555556,0.625555555555556,3.18111111111111,3.93666666666667,1.75333333333333,22.6344444444444,4.44777777777778,3.37333333333333,9.77444444444444,2.30777777777778,0,93.15,6.85,3.72555555555556,23.09,32.30,23.38,15.32,1.54,98.45,415,33.7411111111111,66.2588888888889,10.04,6835
CARSON,48065,47984,22,1004,10.24,89.75,92.2366666666667,0.755,0.418333333333333,2.235,8.035,5.28666666666667,11.11,8.17666666666667,4.38333333333333,6.93,2.58666666666667,0,96.4133333333333,3.58666666666667,3.17666666666667,14.27,36.62,20.44,22.94,0.38,99.61,248,14.8616666666667,85.1383333333333,2.73,4049
CASS,48067,35700,26,1075,4.33,95.66,77.3375,18.5567857142857,0.351785714285714,1.7175,1.82,2.11464285714286,14.6607142857143,5.05464285714286,7.91571428571429,9.78571428571429,2.0775,0.00785714285714286,91.5221428571429,8.47,2.61357142857143,13.01,40.19,25.90,15.19,10.42,89.57,222,25.6996428571429,74.3003571428572,8.85,17484
CASTRO,48069,42020,17,1174,57.05,42.94,69.8871428571428,1.97142857142857,0.321428571428571,1.56428571428571,18.8757142857143,0.155714285714286,7.04285714285714,1.76571428571429,5.15714285714286,13.9871428571429,3.57571428571429,0,95.8157142857143,4.18428571428571,10.5071428571429,29.98,28.11,18.73,20.42,0.20,99.79,68,28.5828571428571,71.4171428571429,4.08,3528
CHAMBERS,48071,68570,28,1981,20.18,79.81,72.0836842105263,8.84578947368421,1.03473684210526,2.03578947368421,1.79578947368421,2.87842105263158,14.3478947368421,4.02526315789474,5.39157894736842,5.70421052631579,2.8021052631579,0,88.8452631578947,5.89157894736842,1.17894736842105,17.04,31.71,30.48,17.56,9.52,90.47,322,15.8605263157895,78.8763157894737,4.30,24171
CHEROKEE,48073,36112,21,1469,22.43,77.56,68.8554285714286,16.084,0.539714285714286,2.38314285714286,2.03857142857143,3.17257142857143,12.3991428571429,5.71742857142857,7.166,9.79057142857143,2.32457142857143,0,92.9945714285714,7.00542857142857,1.93428571428571,24.88,36.88,20.33,14.70,3.15,96.84,408,28.8762857142857,71.1237142857143,6.81,24605
CHILDRESS,48075,44138,12,1010,29.41,70.58,81.1342857142857,9.43571428571429,0.652857142857143,1.94571428571429,5.75,0.0214285714285714,6.95285714285714,3.08,10.3985714285714,11.9785714285714,2.06,0,95.6757142857143,4.32428571428571,3.38428571428571,17.23,45.73,19.26,14.45,0.00,100.00,605,37.68,62.32,9.90,3419
CLAY,48077,53175,25,949,5.70,94.29,93.5718181818182,0.843636363636364,0.269090909090909,2.12181818181818,4.07909090909091,4.21636363636364,8.63909090909091,6.55636363636364,5.03,10.1327272727273,1.31727272727273,0.524545454545455,94.4163636363636,5.05727272727273,2.55363636363636,9.32,39.38,27.44,18.55,6.35,93.64,197,17.2427272727273,82.7572727272727,2.65,6812
COCHRAN,48079,36060,22,1004,61.30,38.69,67.9,5.18333333333333,0.193333333333333,3.60666666666667,26.2366666666667,7.49,7.66333333333333,7.59666666666667,5.03666666666667,6.53,1.37,0,93.38,6.62,19.65,35.76,28.50,20.99,12.00,0.00,100.00,142,25.45,74.55,8.16,1585
COKE,48081,39386,25,796,21.97,78.02,88.835,0.8525,0.335,2.39,5.7,4.9675,7.8625,6.48,7.23,7.41,2.25,0.705,93.6775,5.6175,1.1375,16.54,39.91,24.17,16.50,1.87,98.13,169,20.5725,79.4275,3.98,1921
COLEMAN,48083,31939,23,777,17.94,82.05,85.8090909090909,2.72727272727273,0.597272727272727,2.24363636363636,8.43,1.26636363636364,12.9781818181818,9.50363636363636,6.54454545454545,8.35363636363636,0.41,0,94.5845454545455,5.41545454545455,2.56272727272727,20.66,40.53,22.28,13.30,0.00,100.00,371,27.6127272727273,72.3872727272727,9.03,5660
COLLIN,48085,90030,29,1854,15.61,84.38,69.8802536997886,9.1246511627907,11.7559830866808,3.06723044397463,0.274841437632135,0.727568710359408,10.248245243129,4.06040169133192,3.25264270613108,12.1229386892178,2.7200422832981,0.060338266384778,94.9270190274841,5.01257928118393,0.181585623678647,7.19,16.11,21.18,39.68,8.27,91.72,4555,29.0584778012685,70.9415433403806,22.87,481884
COLLINGSWORTH,48087,37400,14,761,31.15,68.84,75.28,4.495,0.1725,4.2525,21.6775,0.845,1.7475,3.655,4.43,4.6325,0.9025,0,95.41,4.59,9.8175,27.77,29.57,21.92,17.45,0.00,100.00,659,21.705,78.295,4.86,1696
COLORADO,48089,41251,25,1151,28.07,71.92,73.3116666666667,13.6455555555556,0.550555555555556,2.21444444444444,3.05833333333333,3.37888888888889,7.445,2.08444444444444,2.535,15.255,4.92444444444444,0.0177777777777778,95.1894444444444,4.79222222222222,3.05666666666667,22.40,39.30,16.82,17.53,1.66,98.33,473,24.6066666666667,75.3933333333333,8.19,12827
COMAL,48091,63451,30,1891,29.75,70.24,87.951875,1.97328125,0.7715625,2.3378125,0.420625,0.92484375,7.579375,5.47140625,3.7903125,15.8065625,3.20953125,0.4225,94.07,5.5075,0.11703125,13.54,24.88,23.91,27.77,6.77,93.22,1265,25.27203125,74.72796875,10.86,80875
COMANCHE,48093,36133,23,975,28.70,71.29,87.02,0.842857142857143,0.305,1.88285714285714,11.9135714285714,1.09857142857143,12.4807142857143,5.91857142857143,5.89428571428571,9.53714285714286,3.11642857142857,0.0107142857142857,95.1214285714286,4.86785714285714,6.18071428571429,25.79,33.90,19.65,15.65,10.54,89.45,432,24.7421428571429,75.2578571428571,5.82,8277
CONCHO,48095,43834,22,1329,47.66,52.34,86.0266666666667,2,0.296666666666667,2.12666666666667,16.09,5.44,1.79333333333333,4.83,8.48,6.01333333333333,4.76,0,94.13,5.87,6.49333333333333,24.37,34.97,21.18,14.90,1.85,98.14,79,24.6266666666667,75.3733333333333,2.64,1509
COOKE,48097,49983,26,1298,19.80,80.19,81.8766666666667,3.61933333333333,1.00466666666667,2.70933333333333,3.05133333333333,4.672,15.9986666666667,6.098,3.48766666666667,11.0773333333333,1.88233333333333,0,95.4236666666666,4.57633333333333,0.212333333333333,20.07,31.15,23.55,20.12,5.87,94.12,1019,32.8596666666667,67.1403333333333,8.40,23286
CORYELL,48099,49063,21,1617,16.85,83.14,71.814375,14.1108333333333,2.04666666666667,4.75520833333333,0.570416666666667,0.02875,2.55354166666667,5.17166666666667,26.7570833333333,10.0352083333333,2.47979166666667,22.1054166666667,72.1858333333333,5.70791666666667,0.506041666666667,9.55,38.15,26.84,20.83,5.71,94.28,2143,42.05875,49.608125,19.30,32523
COTTLE,48101,31499,17,487,22.78,77.21,77.76,9.98,0,2.24333333333333,13.6566666666667,5.11,0.446666666666667,2.97666666666667,15.2166666666667,11.2966666666667,0.873333333333333,0,94.5866666666667,5.41333333333333,8.00666666666667,23.33,34.29,19.69,18.79,9.36,90.63,769,28.66,71.34,11.03,977
CRANE,48103,56368,25,934,56.06,43.93,73.354,2.92,0.376,2.288,0.066,21.386,4.394,3.838,1.628,10.488,4.862,0,96.106,3.894,0,20.87,34.22,23.54,18.61,0.00,100.00,2468,18.842,81.158,2.09,2368
CROCKETT,48105,47057,20,764,61.07,38.93,81.88,1.338,1.016,1.784,3.478,21.208,1.746,6.376,2.872,15.384,1.298,0,96.54,3.46,0.85,40.07,21.27,20.59,17.63,0.00,100.00,933,31.586,68.414,13.86,2398
CROSBY,48107,33763,19,1020,52.04,47.96,77.0683333333333,4.58,0.185,2.69833333333333,17.9783333333333,0.596666666666667,3.90333333333333,5.85,2.39166666666667,8.96333333333333,5.38833333333333,0.06,94.7883333333333,5.15166666666667,9.60333333333333,26.18,36.37,21.08,13.11,0.51,99.48,432,32.1283333333333,67.8716666666667,5.54,3329
CULBERSON,48109,31861,9,556,67.07,32.92,78.895,1.08,1.62,2.515,2.885,5.945,4.91,1.7925,3.65,10.9625,0,0,97.3425,2.6575,1.12,40.15,24.66,13.61,12.84,0.00,100.00,11,35.2125,64.7875,9.25,1479
DALLAM,48111,43730,14,1178,39.35,60.64,79.975,1.25666666666667,0.37,3.96666666666667,13.835,0.621666666666667,5.33,6.83833333333333,4.07,8.39833333333333,9.40166666666667,0,97.0083333333333,2.99166666666667,7.39666666666667,23.25,36.96,23.86,11.88,24.50,75.49,1215,39.6383333333333,60.3616666666667,6.47,2938
DALLAS,48113,54263,27,1516,38.81,61.18,54.6961773517076,20.9624925104853,4.89428400239665,2.90092270820851,0.251252246854404,0.437040143798682,9.84779508687837,5.96080886758538,2.76312162971839,10.5400179748352,2.62159976033553,0.0696345116836429,93.9281186339125,5.88240862792091,0.200647094068304,24.03,23.78,19.71,22.89,8.70,91.29,6891,43.6568544038346,56.1634272019173,33.40,1172567
DAWSON,48115,38196,14,974,56.01,43.98,78.1421428571429,5.72642857142857,0.398571428571429,2.38214285714286,9.04571428571428,5.29357142857143,4.80285714285714,5.685,11.3142857142857,8.23857142857143,5.62214285714286,0,93.6835714285714,6.31642857142857,6.02928571428571,32.62,35.10,19.79,9.95,0.47,99.52,1820,26.865,73.135,5.02,6957
DEAF SMITH,48117,40212,18,1135,69.98,30.01,76.2911764705882,1.63470588235294,0.472352941176471,2.83176470588235,13.0241176470588,0.318235294117647,13.0347058823529,4.57352941176471,2.41470588235294,12.7411764705882,2.31823529411765,0,95.86,4.14,6.38058823529412,32.16,31.53,19.34,12.94,2.66,97.33,2935,34.4605882352941,65.5394117647059,10.34,7936
DELTA,48119,37736,31,1345,7.36,92.63,81.5575,9.06,0.82,3.2325,3.155,0.145,17.6775,2.61,5.24,10.2175,1.09,0,92.99,7.01,0.7525,19.67,38.04,24.09,12.73,0.00,100.00,126,22.81,77.19,4.77,2513
DENTON,48121,77579,29,1963,19.52,80.47,72.7365608465608,9.29428571428572,7.28314814814815,3.05539682539683,0.263465608465608,0.894285714285714,9.16761904761905,5.18838624338624,2.37283068783069,11.8721957671958,3.10883597883598,0.21015873015873,94.9581216931217,4.83190476190476,0.176931216931217,8.42,18.58,25.39,35.35,5.51,94.48,4678,31.6178306878307,68.3821693121693,24.36,411480
DEWITT,48123,41060,22,1216,33.47,66.52,76.9576470588235,7.89352941176471,0.558823529411765,2.7,4.25941176470588,5.34588235294118,11.7358823529412,5.97647058823529,3.76529411764706,10.58,2.20352941176471,0,95.5958823529412,4.40411764705882,0.882941176470588,21.03,36.06,22.77,14.56,5.31,94.68,402,25.8952941176471,74.1047058823529,7.18,11298
DICKENS,48125,33682,15,750,30.27,69.72,82.2666666666667,5.19666666666667,0.84,2.09333333333333,20.79,2.57333333333333,2.05666666666667,7.40666666666667,9.76333333333333,9.16666666666667,1.25333333333333,0,93.3666666666667,6.63333333333333,13.53,30.04,31.56,23.15,12.34,1.66,98.33,63,23.7533333333333,76.2466666666667,2.66,1258
DIMMIT,48127,33745,17,1577,86.91,13.08,86.5657142857143,1.82285714285714,0.9,2.00857142857143,7.64,8.79714285714286,2.57285714285714,5.37571428571429,4.77285714285714,6.15857142857143,1.48714285714286,0.0285714285714286,95.4457142857143,4.52571428571429,1.86142857142857,40.93,29.11,11.86,14.66,4.53,95.46,1424,28.1214285714286,71.8785714285714,14.08,6413
DONLEY,48129,37222,19,884,10.45,89.54,87.6125,4.9725,0.3525,2.44,10.2825,0.175,4.4,7.54,8.5575,12.8275,1.6975,0,96.1,3.9,4.4925,16.77,31.06,24.71,20.85,5.89,94.10,191,27.3575,72.6425,6.10,2281
DUVAL,48131,31674,25,1167,89.31,10.68,85.934,1.289,0.298,1.827,4.437,10.64,2.847,9.471,4.606,6.441,1.163,0.032,94.077,5.891,5.396,35.05,33.03,18.57,9.37,3.65,96.34,1060,21.717,78.283,5.53,7886
EASTLAND,48133,38042,21,963,15.29,84.71,88.1236842105263,2.52052631578947,0.383157894736842,2.03947368421053,5.11315789473684,9.97315789473684,6.5578947368421,4.83368421052632,5.63789473684211,7.73526315789474,2.13315789473684,0,95.0242105263158,4.97578947368421,2.14421052631579,24.79,34.58,20.33,13.96,7.10,92.90,422,26.5636842105263,73.4363157894737,8.32,10556
ECTOR,48135,53131,20,1398,54.58,45.41,75.3191743119266,4.62009174311927,0.810825688073395,2.75256880733945,0.224036697247706,11.3289908256881,7.88128440366972,7.44137614678899,2.94935779816514,12.4299082568807,4.29724770642202,0,96.448623853211,3.55137614678899,0.00972477064220184,26.46,29.33,25.16,15.48,6.81,93.18,3719,30.7393577981651,69.2606422018349,19.76,66448
EDWARDS,48137,35692,23,962,50.54,49.46,86.705,0.645,0.39,1.345,12.26,10.855,2.845,3.41,6.39,8.9,1.275,0,94.495,5.505,2.565,22.82,24.63,23.14,23.52,0.00,100.00,154,18.29,81.71,1.85,978
EL PASO,48141,40415,23,1642,81.31,18.68,81.3488499025341,3.40873294346979,1.02506822612086,2.59736842105263,0.568304093567251,0.394132553606238,7.00393762183236,5.16736842105263,6.57750487329435,13.1694541910331,2.66627680311891,2.41633528265107,89.0327095516569,8.35573099415205,0.618382066276803,28.95,24.42,22.15,18.35,4.16,95.83,5378,37.1105847953216,62.6944834307992,22.85,385910
ELLIS,48139,59538,31,1681,26.30,73.69,76.0745744680851,9.79797872340426,0.633936170212766,2.42968085106383,0.417234042553191,0.62,14.4812765957447,5.30744680851064,3.64978723404255,9.99202127659574,2.68734042553192,0,94.4562765957447,5.54372340425532,0.346382978723404,18.95,31.27,22.50,21.00,5.94,94.05,969,27.768085106383,72.231914893617,12.76,92309
ERATH,48143,39137,19,1393,21.69,78.30,83.3786206896552,1.71758620689655,0.706551724137931,1.91620689655172,9.15103448275862,2.18206896551724,9.27482758620689,5.37172413793103,2.19965517241379,11.3334482758621,2.36758620689655,0.0444827586206897,96.1744827586207,3.78137931034483,4.8351724137931,21.81,27.13,23.73,18.97,0.77,99.22,1291,40.0610344827586,59.9389655172414,13.76,19515
FALLS,48145,34989,28,1340,21.24,78.75,61.0307692307692,23.7653846153846,0.510769230769231,2.62153846153846,4.99692307692308,1.18615384615385,12.4223076923077,4.8,12.5407692307692,8.78,2.16538461538462,0,91.8338461538462,8.16692307692308,0.982307692307692,25.09,37.37,20.58,13.26,3.14,96.85,495,29.2561538461539,70.7438461538461,8.49,9222
FANNIN,48147,42853,30,1126,10.46,89.53,85.6733333333333,6.42366666666667,0.529333333333333,2.53366666666667,2.921,2.64066666666667,13.8646666666667,4.89066666666667,6.31233333333333,9.816,3.56266666666667,0.0146666666666667,92.2773333333333,7.708,1.74,18.61,38.29,22.24,16.78,3.86,96.13,463,26.1783333333333,70.4883333333333,11.14,18667
FAYETTE,48149,48510,23,992,19.14,80.85,82.5032,6.938,0.3252,1.6348,3.776,1.8292,10.4576,8.4488,3.4528,10.438,3.0776,0,96.0116,3.9884,1.0748,22.31,35.10,18.63,19.63,0.24,99.75,310,23.5792,76.4208,7.32,15266
FISHER,48151,40031,21,759,29.37,70.62,84.494,3.682,0.236,2.716,13.932,1.868,13.642,4.448,11.144,4.04,1.348,0,94.902,5.098,4.5,20.70,35.21,21.73,17.34,0.00,100.00,393,25.764,74.236,6.04,2625
FLOYD,48153,38203,19,787,54.19,45.80,73.9775,4.0875,0.22875,1.60875,20.6025,0,12.76125,5.045,2.3775,15.09875,0.94875,0,91.85375,8.14625,13.33625,30.01,31.27,21.04,14.35,0.89,99.10,141,27.09625,72.90375,2.40,3633
FOARD,48155,32102,15,1267,17.36,82.64,87.61,4.74,0.32,1.89,20.72,1.64,2.47,7.89,3.95,7.73,0.49,0,95.3,4.7,13.32,19.39,39.33,17.44,16.03,0.00,100.00,1,25.05,74.95,13.61,777
FORT BEND,48157,84520,31,3215,27.49,72.50,50.6345933014354,21.3518181818182,15.5335885167464,2.83909090909091,0.240574162679426,3.43502392344498,9.90956937799043,5.23023923444976,3.77545454545455,12.1891866028708,2.89325358851675,0.0304784688995215,94.3796650717703,5.58956937799043,0.0460765550239235,14.40,21.45,24.56,27.47,3.62,96.37,3901,22.5068421052632,77.4931578947368,10.56,365127
FRANKLIN,48159,41055,25,1531,13.40,86.59,86.4471428571429,3.06857142857143,0.642857142857143,1.99714285714286,2.67285714285714,3.97571428571429,6.92857142857143,7.31857142857143,2.79714285714286,13.5514285714286,5.10571428571428,0,94.4042857142857,5.59571428571429,0.894285714285714,19.08,32.31,25.24,17.98,0.00,100.00,99,21.6742857142857,78.3257142857143,4.55,5375
FREESTONE,48161,46350,25,1502,15.20,84.80,71.2392307692308,16.4407692307692,0.646923076923077,2.21076923076923,4.62615384615385,8.80461538461538,5.31692307692308,3.64230769230769,3.55692307692308,13.7407692307692,2.39,0.06,94.9015384615385,5.03692307692308,1.19307692307692,18.69,36.24,21.81,20.11,1.51,98.48,233,24.1292307692308,75.8707692307692,6.75,10023
FRIO,48163,34588,23,1522,78.02,21.97,76.8433333333333,3.94416666666667,1.57083333333333,2.00333333333333,6.76833333333333,6.31833333333333,3.9075,1.88333333333333,13.3475,11.54,2.22416666666667,0.0291666666666667,95.4675,4.50416666666667,6.61916666666667,36.03,34.70,15.17,9.69,1.19,98.80,1018,30.4025,69.5975,10.04,9361
GAINES,48165,45950,19,1469,46.85,53.14,79.4676923076923,2.78076923076923,0.49,2.49615384615385,11.2469230769231,8.69230769230769,5.95076923076923,8.05538461538461,2.55076923076923,10.8730769230769,2.08384615384615,0,95.01,4.99,5.6,37.24,27.57,16.77,15.01,6.56,93.43,1767,24.2153846153846,75.7853846153846,5.50,7745
GALVESTON,48167,53866,25,1611,26.34,73.65,67.8999481865285,16.4755440414508,2.57637305699482,2.88922279792746,0.50580310880829,1.00181347150259,8.71388601036269,4.66528497409326,4.29911917098446,8.1679792746114,2.33813471502591,0.239948186528497,93.110518134715,6.64974093264249,0.242901554404145,15.73,29.63,24.04,22.30,4.61,95.38,3461,35.5491191709845,64.4508808290155,20.45,186525
GARZA,48169,39421,16,1264,41.22,58.78,80.64,5.426,0.162,1.646,7.514,18.672,2.286,6.276,7.71,12.586,1.016,0,95.368,4.632,1.952,33.05,28.84,22.81,12.28,1.00,99.00,204,30.844,69.156,6.49,2488
GILLESPIE,48171,51648,22,1589,21.14,78.85,90.22875,0.500625,0.346875,1.45875,5.17625,0.7125,6.4525,4.978125,1.9175,15.285625,1.41625,0.01625,96.068125,3.91625,2.76375,13.48,29.77,25.70,21.32,8.16,91.83,506,25.04625,74.95375,6.21,17653
GLASSCOCK,48173,58686,22,637,34.03,65.96,83.95,1.515,0.075,1.255,23.915,4.475,1.23,3.15,9.685,10.88,4.32,0,96.775,3.225,11.82,24.51,28.20,29.48,14.48,0.00,100.00,1,29.48,70.52,0.33,581
GOLIAD,48175,46457,30,1255,42.41,57.58,80.6933333333333,5.29333333333333,0.303333333333333,2.87,7.37833333333333,10.1433333333333,8.01333333333333,3.11166666666667,7.66333333333333,5.36166666666667,4.42833333333333,0,95.5066666666667,4.49333333333333,1.36,18.25,36.66,24.24,16.95,2.15,97.84,185,22.145,77.855,5.02,5105
GONZALES,48177,37754,23,1275,50.68,49.31,69.42125,7.64125,0.544375,2.305625,12.348125,2.436875,11.58875,5.01,2.41875,11.504375,3.91875,0,95.51,4.49,6.626875,29.79,35.65,17.73,13.04,3.61,96.38,908,33.059375,66.940625,10.54,10966
GRAY,48179,44115,18,966,26.15,73.84,79.57125,4.15958333333333,0.615833333333333,3.15583333333333,4.48416666666667,8.235,9.56541666666667,3.64916666666667,3.995,13.4075,2.76291666666667,0,95.6875,4.3125,3.0775,19.26,36.82,25.01,15.41,6.05,93.94,2054,24.19875,75.80125,6.76,12009
GRAYSON,48181,47164,24,1332,13.75,86.24,80.3453260869565,7.23858695652174,1.17913043478261,3.23913043478261,1.81923913043478,0.9325,17.3238043478261,4.97641304347826,2.57315217391304,11.6960869565217,1.93804347826087,0,93.7141304347826,6.28586956521739,0.319239130434783,16.37,32.75,24.61,20.81,1.99,98.00,1457,32.2992391304348,67.7007608695652,13.96,72093
GREGG,48183,45489,22,1305,19.10,80.89,64.0112631578947,21.5927368421053,1.03336842105263,2.51010526315789,0.537894736842105,5.8861052631579,10.6973684210526,5.66378947368421,3.43673684210526,10.6062105263158,4.21305263157895,0,95.1853684210526,4.81463157894737,1.13442105263158,19.74,31.14,24.65,19.03,6.28,93.71,1865,39.2870526315789,60.712947368421,18.15,64669
GRIMES,48185,45657,31,1501,22.00,77.99,74.8977777777778,14.0938888888889,0.470555555555556,2.31,3.48611111111111,3.02722222222222,14.1772222222222,3.40444444444444,7.26777777777778,12.0411111111111,1.45055555555556,0.0294444444444444,94.5538888888889,5.41666666666667,1.98,23.35,39.03,18.26,15.40,1.55,98.44,332,25.3166666666667,74.6833333333333,6.28,14383
GUADALUPE,48187,59216,25,1981,39.35,60.64,77.8154054054054,7.29662162162162,1.47756756756757,3.32405405405405,0.752702702702703,0.748648648648649,11.7636486486486,4.40391891891892,9.09108108108108,14.4358108108108,2.31675675675676,1.81581081081081,93.1674324324324,5.01702702702703,0.288108108108108,17.74,27.81,23.82,22.66,4.84,95.15,2078,25.5658108108108,74.4341891891892,7.85,83062
HALE,48189,40044,16,1204,59.61,40.38,69.3173333333333,4.737,0.352,3.307,11.3993333333333,0.758333333333333,14.9476666666667,7.08466666666667,4.618,12.3086666666667,3.437,0.038,91.3433333333333,8.61866666666667,5.628,32.00,29.11,20.77,14.06,12.02,87.97,1705,36.514,63.486,9.99,17704
HALL,48191,29140,16,1086,34.76,65.23,74.87,7.41666666666667,0.236666666666667,2.52666666666667,15.5966666666667,0.09,5.78666666666667,4.06666666666667,6.14333333333333,11.9466666666667,2.17,0,93.3266666666667,6.67333333333333,11.3633333333333,28.92,32.80,18.08,17.98,8.96,91.04,216,26.7533333333333,73.2466666666667,6.13,1879
HAMILTON,48193,37396,19,912,11.39,88.60,91.5255555555556,1.20777777777778,0.591111111111111,1.15888888888889,7.83888888888889,0.765555555555556,8.14888888888889,5.02333333333333,7.79222222222222,11.0433333333333,2.16444444444444,0.04,94.81,5.15,3.23111111111111,14.55,32.40,25.15,22.29,0.00,100.00,344,24.2011111111111,75.7988888888889,7.33,4642
HANSFORD,48195,52149,19,1101,45.28,54.71,78.966,0.85,0.362,2.626,18.754,5.968,2.94,4.014,2.18,12.796,4.51,0,96.858,3.142,10.26,21.62,32.46,18.26,23.01,0.53,99.46,874,22.992,77.008,3.89,2964
HARDEMAN,48197,34885,20,808,21.72,78.27,84.326,6.244,0.372,3.246,4.172,5.928,7.64,5.126,7.942,7.356,2.556,0,95.178,4.822,2.65,18.30,35.79,22.87,18.39,0.00,100.00,544,28.254,71.746,12.78,2405
HARDIN,48199,50964,28,1510,5.39,94.60,85.1535135135135,10.6356756756757,0.608918918918919,1.48459459459459,1.01405405405405,2.2827027027027,16.0986486486486,4.73459459459459,5.39864864864865,12.3002702702703,3.40297297297297,0.116756756756757,92.7637837837838,7.11945945945946,0.321351351351351,18.00,41.33,22.77,15.01,9.21,90.78,471,21.1008108108108,78.8991891891892,7.65,35721
HARRIS,48201,56042,28,2059,42.38,57.61,56.1995708955224,19.4367164179104,5.68967350746269,3.22493470149254,0.31392723880597,2.18107276119403,10.1895802238806,6.00176305970149,2.76914179104478,10.802947761194,3.31871735074627,0.0523600746268657,93.9220055970149,6.02565298507463,0.142523320895522,24.11,23.76,20.37,21.90,7.08,92.91,6523,43.2325513059702,56.7674673507463,33.67,2030754
HARRISON,48203,45185,23,1309,14.47,85.52,61.7548076923077,26.1101923076923,0.722692307692308,1.92519230769231,1.66653846153846,4.38019230769231,12.6376923076923,5.83461538461538,2.50538461538462,9.57423076923077,2.98288461538462,0,93.8257692307692,6.17423076923077,0.927115384615384,18.68,35.70,24.79,16.60,3.23,96.77,748,29.4867307692308,70.5136538461538,8.52,41573
HARTLEY,48205,65469,13,1488,23.77,76.22,87.0475,5.1825,0.6675,1.6675,27.495,0.87,2.0625,4.185,6.005,5.545,5.4775,0,96.1825,3.8175,6.825,16.77,35.46,19.04,22.70,14.00,86.00,976,30.14,69.86,2.38,2599
HASKELL,48207,31551,20,978,24.93,75.06,81.165,4.10166666666667,0.483333333333333,3.10333333333333,10.82,7.21666666666667,1.01333333333333,4.38333333333333,10.3866666666667,12.8483333333333,1.23166666666667,0,95.615,4.385,3.395,26.85,36.95,18.69,14.45,0.00,100.00,342,23.3566666666667,76.6433333333333,6.24,3254
HAYS,48209,61320,30,2282,35.34,64.65,80.61725,3.477625,1.312875,2.9665,0.432625,0.268875,6.825625,5.34375,5.7435,14.020375,2.308625,0.16275,95.186875,4.650125,0.29325,9.85,21.12,24.26,32.39,2.65,97.34,1963,35.85225,64.14775,23.93,102900
HEMPHILL,48211,59364,15,1082,29.31,70.68,84.855,1.0725,1.0075,2.225,6.0975,13.38,4.43,3.46,5.6375,4.2975,0.955,0,97.6625,2.3375,1.3975,16.14,29.85,28.23,20.06,5.23,94.76,344,25.0825,74.9175,6.21,2131
HENDERSON,48213,38412,32,1472,12.32,87.68,83.3309259259259,7.54944444444445,0.661666666666667,1.99111111111111,1.24166666666667,1.74777777777778,7.05277777777778,6.24481481481481,5.1262962962963,10.217962962963,1.57611111111111,0.04,93.0177777777778,6.94185185185185,2.01,17.90,35.02,25.08,17.45,4.44,95.55,412,25.2085185185185,74.7914814814815,7.20,46227
HIDALGO,48215,34477,21,2457,89.84,10.15,87.1513864306785,0.631592920353982,0.798230088495575,1.37613569321534,1.79442477876106,1.14212389380531,4.81837758112094,5.81191740412979,3.46209439528024,14.5534808259587,2.90923303834808,0.168171091445428,88.9219469026549,10.6150147492625,1.74182890855457,38.75,24.87,17.30,14.84,3.13,96.86,3088,30.3349557522124,69.3700589970502,16.00,305679
HILL,48217,39286,32,1461,19.83,80.16,80.3766666666667,8.25916666666667,0.5,2.22416666666667,2.65375,1.48958333333333,13.3645833333333,5.23833333333333,3.26375,13.3879166666667,1.83541666666667,0.0379166666666667,94.265,5.69708333333333,0.710833333333333,21.76,32.27,24.25,18.59,6.81,93.18,658,26.6820833333333,73.3179166666667,7.58,21245
HOCKLEY,48219,44588,21,1302,46.83,53.16,76.1322222222222,3.96944444444444,0.393888888888889,2.99388888888889,6.98,12.4233333333333,4.33611111111111,7.27944444444444,2.955,11.8888888888889,4.86444444444444,0.0266666666666667,96.2433333333333,3.73055555555556,3.81333333333333,25.10,26.59,24.24,19.37,2.40,97.59,723,30.4027777777778,69.5972222222222,9.01,12974
HOOD,48221,55170,33,1772,12.24,87.75,91.04,0.842,0.608,1.70033333333333,1.556,4.65633333333333,5.902,6.489,4.71766666666667,9.319,2.53733333333333,0.027,95.2166666666667,4.75633333333333,0.774666666666667,14.64,29.88,28.04,20.43,10.61,89.38,588,23.3853333333333,76.6146666666667,6.08,35096
HOPKINS,48223,41950,22,1331,15.90,84.09,81.1437037037037,6.94925925925926,0.522222222222222,2.09555555555556,5.32555555555555,1.11814814814815,10.8362962962963,4.60851851851852,2.54777777777778,14.0148148148148,4.8762962962963,0,94.6825925925926,5.31740740740741,2.52666666666667,23.65,33.96,23.00,14.09,2.78,97.21,639,29.6337037037037,70.3662962962963,9.90,19856
HOUSTON,48225,34014,26,1090,10.18,89.81,65.9238095238095,26.5447619047619,0.606190476190476,1.77904761904762,5.92047619047619,2.98714285714286,6.58190476190476,4.13619047619048,12.3628571428571,11.3733333333333,1.20809523809524,0,91.9819047619048,8.01809523809524,2.36619047619048,23.77,35.04,21.88,16.34,1.42,98.57,460,28.5761904761905,71.4238095238095,7.50,11583
HOWARD,48227,41572,17,1292,42.12,57.87,75.3660714285714,4.50571428571429,0.694642857142857,2.81285714285714,1.16107142857143,7.1575,8.16214285714286,6.06678571428571,7.61892857142857,12.4396428571429,1.50392857142857,0,94.2042857142857,5.79571428571429,0.6425,24.08,30.00,27.22,14.67,7.39,92.60,1572,32.9528571428571,67.0471428571429,10.97,15860
HUDSPETH,48229,32149,20,1090,70.87,29.12,78.76,2.93666666666667,0.866666666666667,2.63,13.14,1.61666666666667,4.41333333333333,2.16333333333333,13.2866666666667,8.75666666666667,1.44666666666667,4.55666666666667,91.3866666666667,4.05333333333333,5.63666666666667,37.91,28.77,16.40,12.86,3.16,96.83,0,26.6,73.4,3.78,1208
HUNT,48231,43023,29,1438,16.65,83.34,78.0091803278689,9.92868852459016,1.01786885245902,2.68688524590164,0.864590163934426,0.618196721311475,16.4668852459016,4.99508196721311,3.89754098360656,10.4075409836066,3.23327868852459,0.0962295081967213,93.5631147540984,6.34049180327869,0.637868852459016,20.27,33.55,23.48,17.58,5.47,94.52,932,32.5619672131148,67.4381967213115,19.15,47244
HUTCHINSON,48233,50518,19,996,24.35,75.64,82.6431818181818,2.87363636363636,0.410909090909091,3.24863636363636,1.99454545454545,5.48727272727273,14.8972727272727,4.75636363636364,4.40272727272727,13.8940909090909,2.92227272727273,0,95.08,4.92,1.33045454545455,17.34,35.05,25.88,17.52,3.87,96.12,1031,22.9427272727273,77.0572727272727,5.92,12725
IRION,48235,57379,27,789,26.39,73.61,89.22,1.72,0.305,3.06,7.26,9.2,6.78,2.95,4.39,4.84,2.93,0,96.29,3.71,5.15,19.13,42.01,15.89,20.43,1.08,98.91,143,22.11,77.89,0.10,1248
JACK,48237,46810,24,1494,17.33,82.66,86.5766666666667,3.115,0.536666666666667,1.505,3.14833333333333,20.0566666666667,2.47166666666667,6.29666666666667,6.905,9.86666666666667,1.86666666666667,0,95.69,4.31,0.581666666666667,17.77,39.73,24.95,14.87,12.85,87.14,329,24.9783333333333,75.0216666666667,6.30,4288
JACKSON,48239,46289,26,1327,29.58,70.41,80.2481818181818,7.28272727272727,0.511818181818182,2.38363636363636,6.66363636363636,5.68636363636364,13.9490909090909,4.67545454545455,3.35636363636364,11.8327272727273,5.14363636363636,0.0336363636363636,95.2163636363637,4.74909090909091,2.76909090909091,23.32,32.11,21.59,19.20,3.80,96.19,52,23.3690909090909,76.6309090909091,7.67,8196
JASPER,48241,38510,26,1322,7.39,92.61,73.1825925925926,19.8748148148148,0.693703703703704,1.70592592592593,4.33444444444444,2.54814814814815,9.51851851851852,5.33222222222222,3.25777777777778,13.7477777777778,2.09518518518519,0,91.0607407407407,8.93925925925926,2.23592592592593,18.57,39.70,23.68,15.04,9.13,90.86,256,23.9285185185185,76.0714814814815,7.08,18556
JEFF DAVIS,48243,43578,16,1140,34.83,65.16,89.6,1.14,0.4,2.475,10.62,0.36,1.155,5.305,2.415,11.055,1.715,2.935,91.605,5.46,6.47,17.01,17.48,18.41,31.24,49.47,50.53,27,22.08,77.92,0.51,1601
JEFFERSON,48245,41137,20,1218,19.80,80.19,47.6379126213592,36.9147572815534,3.26359223300971,2.12378640776699,1.6073786407767,0.663349514563107,9.43097087378641,5.87300970873786,4.57621359223301,11.8113106796117,2.46912621359223,0.0731553398058253,89.3668932038835,10.0746116504854,0.0180582524271845,19.18,34.21,25.29,16.86,7.00,92.99,2872,35.3437378640777,63.6853883495146,17.67,141118
JIM HOGG,48247,32906,26,1318,92.27,7.72,86.89,0.5675,0.5775,1.65,5.635,11.81,4.6875,2.7975,9.795,7.4125,0.515,0.085,95.54,4.37,4.045,37.30,35.94,11.34,11.24,0.00,100.00,56,26.48,73.52,6.02,3623
JIM WELLS,48249,43600,22,1366,81.41,18.58,86.508064516129,0.820967741935484,0.42,1.7058064516129,1.93709677419355,9.8958064516129,4.81806451612903,6.82548387096774,5.34709677419355,12.4074193548387,2.20903225806452,0.00193548387096774,95.5148387096774,4.48322580645161,1.89161290322581,31.61,31.50,21.93,11.22,4.54,95.45,1654,27.4303225806452,72.5696774193548,7.41,24405
JOHNSON,48251,55716,30,1608,20.77,79.22,85.2073195876289,3.18,0.690927835051546,2.4559793814433,1.29237113402062,3.42144329896907,15.2751546391753,3.81144329896907,5.72278350515464,10.8986597938144,2.62773195876289,0.0921649484536083,94.3832989690722,5.52474226804124,0.268453608247423,19.24,34.20,25.35,16.88,4.14,95.85,1468,26.5571134020619,73.4428865979381,11.42,83203
JONES,48253,41548,24,1231,27.18,72.81,76.318125,7.150625,0.526875,2.48125,9.235,6.945,7.044375,5.575625,8.45875,8.589375,3.114375,1.803125,92.3425,5.855,2.5025,25.65,30.25,24.93,15.96,0.09,99.90,355,26.725625,73.274375,4.26,9449
KARNES,48255,40926,26,1278,53.82,46.17,75.0241666666667,5.125,0.295833333333333,1.75,5.05416666666667,8.2275,6.96833333333333,5.125,8.2425,9.59083333333333,1.855,0,94.7433333333333,5.25666666666667,1.885,28.65,32.42,21.90,13.68,10.08,89.91,364,28.4391666666667,71.5608333333333,10.50,7429
KAUFMAN,48257,54321,33,1858,20.21,79.78,76.6789830508474,10.9698305084746,0.813559322033898,2.43762711864407,0.529152542372881,0.488474576271186,13.5294915254237,4.67084745762712,5.30508474576271,12.0379661016949,4.47966101694915,0.0564406779661017,93.5786440677966,6.36491525423729,0.691016949152542,17.55,31.99,26.59,18.94,10.06,89.93,753,25.0608474576271,74.9391525423729,11.36,60263
KENDALL,48259,73794,26,1818,23.11,76.88,88.9290476190476,0.845238095238095,0.705238095238095,1.93666666666667,3.30571428571429,0.627142857142857,7.94666666666667,4.43619047619048,4.66619047619048,7.51238095238095,1.0747619047619,0.07,94.6919047619048,5.23809523809524,1.27952380952381,8.37,21.05,26.79,31.16,25.09,74.90,663,24.2361904761905,75.7638095238095,11.10,26195
KENEDY,48261,47872,16,423,78.72,21.28,83.92,4.02,0.71,3.07,33.2,4.3,0,0,31.64,5.47,0,0,97.34,2.66,16.8,29.96,11.91,25.63,24.55,0.00,100.00,0,62.67,37.33,15.02,303
KENT,48263,40158,17,834,17.15,82.85,91.73,0.96,0,1.56,12.24,7.81,0.26,4.43,10.94,15.36,4.69,0,95.29,4.71,4.43,13.89,33.76,26.33,22.62,0.00,100.00,0,26.03,73.97,0.18,573
KERR,48265,43759,19,1520,26.32,73.67,86.6818181818182,2.13909090909091,0.842727272727273,2.31909090909091,2.48727272727273,0.895757575757576,6.61818181818182,6.32393939393939,3.51151515151515,12.7224242424242,0.857272727272727,0,95.1930303030303,4.8069696969697,0.485454545454546,15.06,28.06,25.18,23.04,12.56,87.43,921,28.9642424242424,71.0357575757576,12.86,31491
KIMBLE,48267,38828,17,904,27.60,72.39,89.352,0.564,1.052,1.12,7.74,0.534,6.84,4.284,2.608,11.012,1.266,0,94.278,5.722,4.09,22.54,26.75,26.77,14.16,0.19,99.80,694,27.16,72.84,7.12,2407
KING,48269,50707,5,222,14.41,85.59,91.89,0,0,2.7,33.57,0,1.43,0,5,27.86,0,0,93.33,6.67,11.43,11.80,25.47,29.81,27.95,0.00,100.00,0,61.8,38.2,11.29,161
KINNEY,48271,35928,17,1205,63.86,36.14,86.33,1.60333333333333,0.426666666666667,2.32333333333333,11.14,0.573333333333333,4.18666666666667,0.933333333333333,18.9266666666667,7.65333333333333,0.36,0.09,91.8933333333333,8.01333333333333,9.92,30.44,29.54,16.16,21.57,0.00,100.00,35,22.8,77.2,9.53,2093
KLEBERG,48273,39002,19,1463,73.02,26.97,78.7722727272727,4.05136363636364,1.95545454545455,2.67681818181818,3.49318181818182,5.68136363636364,4.45454545454546,3.4,11.4813636363636,12.1795454545455,1.44318181818182,0.765909090909091,94.3218181818182,4.91045454545455,1.76954545454545,23.58,22.03,24.62,23.99,3.84,96.15,2346,42.8031818181818,57.1968181818182,18.35,16626
KNOX,48275,33429,16,953,32.58,67.41,74.085,5.615,0.255,3.875,17.0225,3.1375,0.415,7.4175,5.575,10.615,1.2375,0,95.2325,4.7675,7.6175,20.52,36.30,21.00,16.80,10.30,89.69,150,24.95,75.05,12.67,2297
LA SALLE,48283,35018,26,1494,85.55,14.44,88.352,0.794,0.366,1.352,6.186,11.512,1.712,1.932,21.092,4.876,3.066,0.016,96.88,3.104,2.662,40.33,25.86,21.62,10.45,3.67,96.32,781,26.174,73.826,9.46,3892
LAMAR,48277,38127,20,1308,7.65,92.34,75.476052631579,16.2473684210526,0.563684210526316,3.15526315789474,1.71921052631579,1.01394736842105,13.1018421052632,4.13921052631579,3.62921052631579,16.3834210526316,1.41368421052632,0,91.7213157894737,8.27868421052631,0.396315789473684,20.50,33.34,22.64,18.19,3.85,96.14,871,36.0942105263158,63.9057894736842,13.82,28398
LAMB,48279,36096,17,1155,52.58,47.41,73.4525,4.4175,0.143333333333333,2.69083333333333,17.2816666666667,0.863333333333333,14.2291666666667,4.8475,6.44,12.685,1.26,0.0441666666666667,94.1633333333333,5.79083333333333,10.6025,25.93,32.87,22.32,14.75,8.90,91.10,646,27.8483333333333,72.1516666666667,4.94,7188
LAMPASAS,48281,48578,27,1358,20.08,79.91,84.4226666666667,2.94733333333333,1.046,3.20533333333333,3.00866666666667,0.616,5.29466666666667,5.74933333333333,12.1106666666667,11.7586666666667,1.14,1.33533333333333,92.5173333333333,6.148,1.636,16.42,32.25,25.98,20.23,0.27,99.72,384,27.8553333333333,72.1446666666667,8.65,12515
LAVACA,48285,42965,23,1097,18.87,81.12,84.3916666666667,6.42888888888889,0.412777777777778,2.38222222222222,2.77,3.72333333333333,12.5744444444444,3.89222222222222,5.10944444444444,14.1,7.20055555555555,0,96.235,3.765,0.974444444444445,22.88,40.91,19.11,13.15,6.60,93.39,569,22.8761111111111,77.1238888888889,5.21,12619
LEE,48287,50285,25,1286,21.83,78.17,78.9930769230769,11.0592307692308,0.360769230769231,2.01,3.22692307692308,4.89923076923077,7.81538461538462,3.34769230769231,13.2415384615385,14.2907692307692,4.83923076923077,0,96.2415384615385,3.75846153846154,0.713846153846154,20.56,37.50,21.15,16.33,0.33,99.66,81,21.7769230769231,78.2230769230769,9.33,9404
LEON,48289,44551,28,1293,12.09,87.90,84.1553846153846,7.51846153846154,0.775384615384615,1.82615384615385,3.73461538461538,10.6892307692308,9.09923076923077,5.41,7.55769230769231,8.03769230769231,0.367692307692308,0,94.4184615384615,5.58153846153846,3.05769230769231,20.36,37.00,24.29,13.31,1.22,98.77,18,16.6238461538462,83.3761538461539,4.39,10488
LIBERTY,48291,47714,36,1523,18.16,81.83,76.5054901960784,10.9523529411765,0.57156862745098,2.27725490196078,0.831372549019608,3.8278431372549,12.2109803921569,5.35686274509804,6.79470588235294,10.1937254901961,2.79862745098039,0.00137254901960784,93.0992156862745,6.89941176470588,0.349803921568627,24.56,35.66,24.36,12.75,8.19,91.80,364,23.6160784313726,76.3839215686274,5.85,38990
LIMESTONE,48293,36767,24,1311,20.71,79.29,64.8872222222222,20.3427777777778,0.459444444444444,2.22666666666667,2.97888888888889,7.14611111111111,7.475,6.27888888888889,5.59111111111111,12.0533333333333,1.98388888888889,0,94.4833333333333,5.51666666666667,0.489444444444444,24.38,35.47,22.59,14.55,5.15,94.84,741,28.8877777777778,71.1122222222222,6.14,12059
LIPSCOMB,48295,50641,19,1759,26.69,73.30,86.135,1.3,0.375,2.645,12.47,8.065,3.05,3.665,4.745,8.575,2.33,0,97.07,2.93,7.59,18.14,31.35,20.88,26.38,0.00,100.00,4,26.235,73.765,6.28,1887
LIVE OAK,48297,45987,28,1189,38.56,61.43,88.312,3.123,0.556,1.729,4.873,7.802,6.244,5.026,6.055,10.293,4.111,0,96.425,3.575,2.066,24.98,31.62,23.34,15.82,17.62,82.37,346,19.615,80.385,3.78,5996
LLANO,48299,46614,26,1068,9.37,90.62,93.1411111111111,1.13222222222222,0.634444444444444,1.68722222222222,2.72,0.587777777777778,5.13055555555556,6.12722222222222,5.32166666666667,12.8805555555556,1.05722222222222,0.0622222222222222,94.3422222222222,5.59555555555556,0.296666666666667,11.86,31.53,27.43,21.94,0.71,99.28,266,21.745,78.255,11.81,13875
LOVING,48301,55000,22,101,27.72,72.28,76.24,0.99,0,8.91,5.71,2.86,2.86,2.86,2.86,45.71,0,0,89.74,10.26,0,2.47,46.91,3.70,25.93,0.00,100.00,0,37.5,62.5,6.00,103
LUBBOCK,48303,43709,17,1430,35.22,64.77,75.186862745098,7.91495098039216,2.02666666666667,2.62710784313725,1.4353431372549,1.24088235294118,5.84490196078431,5.50632352941177,3.37848039215686,13.3626960784314,3.26955882352941,0.0732843137254902,94.6019117647059,4.8346568627451,1.16808823529412,16.29,26.24,25.15,22.75,3.84,96.15,3899,41.5635294117647,56.9658823529412,24.39,150452
LYNN,48305,37873,17,1425,49.21,50.78,78.205,2.98,0.15,2.6125,16.8825,1.32,3.82,8.0875,6.865,12.25,1.685,0.0475,94.8925,5.0625,11.4025,28.17,35.36,20.12,14.00,2.35,97.65,343,27.96,72.04,2.72,3546
MADISON,48313,36504,25,1252,19.51,80.48,69.0918181818182,17.0909090909091,0.662727272727273,2.68181818181818,8.36727272727273,4.88454545454545,2.01545454545455,3.08545454545455,14.8054545454545,11.1127272727273,1.90909090909091,0,93.7154545454545,6.28454545454545,4.33545454545455,21.69,39.85,18.77,15.99,6.47,93.52,212,26.67,73.33,6.33,6647
MARION,48315,33319,30,1021,4.08,95.91,72.26,22.218,0.531,2.659,1.343,4.99,12.032,7.923,4.483,10.946,1.236,0,93.009,6.991,3.593,20.25,35.98,24.41,14.79,4.02,95.98,58,20.697,79.303,5.38,6505
MARTIN,48317,46899,17,1309,47.64,52.35,82.0575,1.5625,0.6,2.0625,9.1275,6.165,5.07,3.67,7.195,6.2775,0.54,0,96.3875,3.6125,4.6325,29.35,32.12,20.25,14.63,5.91,94.08,447,27.1375,72.8625,9.19,2337
MASON,48319,42775,15,814,23.19,76.80,91.59,0.728,0.178,1.702,4.026,0,3.568,3.738,0.876,13.44,10.02,0,95.842,4.158,6.526,20.40,34.00,18.97,19.91,21.15,78.85,307,21.132,78.868,5.67,2740
MATAGORDA,48321,42649,24,1043,39.33,60.66,69.2634285714286,12.3114285714286,1.90057142857143,2.55885714285714,5.92571428571429,3.05114285714286,8.20971428571428,3.24,2.434,14.5494285714286,2.318,0.135142857142857,90.3182857142857,9.54628571428571,4.09657142857143,22.87,36.74,20.27,16.79,1.05,98.94,1321,31.3357142857143,68.6642857142857,13.17,19769
MAVERICK,48323,30496,19,1944,95.25,4.74,89.7827586206896,0.519310344827586,0.441034482758621,1.27689655172414,1.14344827586207,2.03103448275862,5.40724137931034,2.36551724137931,10.5568965517241,11.0689655172414,2.20103448275862,0.0320689655172414,88.2634482758621,11.7048275862069,0.982068965517241,44.86,20.75,15.70,14.85,2.40,97.59,3260,32.3165517241379,67.6834482758621,17.82,26938
MCCULLOCH,48307,39020,17,836,31.25,68.74,81.363,3.025,0.788,2.26,4.576,4.725,9.489,8.265,7.176,9.266,1.087,0,95.066,4.934,1.909,23.50,32.81,21.79,15.50,14.94,85.05,554,26.214,73.786,7.82,4890
MCLENNAN,48309,41270,19,1465,27.15,72.84,66.3534545454545,16.0790303030303,1.30860606060606,2.73830303030303,0.912363636363636,0.272909090909091,11.7548484848485,4.95830303030303,3.30284848484848,13.1318787878788,2.70733333333333,0.0324848484848485,94.5995151515151,5.36793939393939,0.545393939393939,20.62,27.95,22.24,22.38,3.65,96.34,2442,40.7332727272727,59.2667272727273,21.52,124076
MCMULLEN,48311,52907,20,716,35.06,64.94,89.94,0.98,0.7,3.49,15.09,12.17,6.81,7.3,4.14,5.84,1.95,0,97.62,2.38,4.38,17.15,37.96,26.82,12.77,0.00,100.00,0,17.09,82.91,0.62,634
MEDINA,48325,49862,31,1828,50.80,49.19,85.7692307692307,1.65423076923077,0.859615384615385,2.19923076923077,4.69692307692308,1.06346153846154,9.10230769230769,4.38,6.65,9.39307692307692,1.40153846153846,0.125,94.4619230769231,5.41269230769231,2.53923076923077,20.95,29.42,23.49,19.88,3.69,96.30,350,22.9980769230769,77.0019230769231,7.61,27082
MENARD,48327,35978,21,735,34.88,65.12,80.3633333333333,1.04333333333333,0.263333333333333,2.37,8.71333333333333,4.00666666666667,3.33333333333333,3.91666666666667,6.96666666666667,9.95666666666667,0,0,93.1566666666667,6.84333333333333,1.03333333333333,22.64,35.46,30.17,8.26,0.00,100.00,40,25.3966666666667,74.6033333333333,2.58,1358
MIDLAND,48329,67166,18,1588,41.06,58.93,74.4729896907216,6.76030927835052,1.31731958762887,2.64628865979381,1.01865979381443,17.639587628866,4.59690721649485,6.20927835051546,3.76773195876289,12.1107216494845,3.87360824742268,0,95.8767010309278,3.09237113402062,0.157319587628866,19.67,24.36,27.86,22.51,11.05,88.94,4073,29.0192783505155,69.949793814433,22.19,72308
MILAM,48331,39128,26,1193,25.35,74.64,76.318,10.473,0.504,2.218,4.0185,1.662,12.1365,6.558,3.6395,13.468,3.123,0,93.698,6.302,1.7045,20.08,41.90,19.81,14.27,0.47,99.52,519,28.67,71.33,7.63,13466
MILLS,48333,38821,19,805,17.25,82.74,88.6283333333333,1.07166666666667,0.25,1.65833333333333,17.035,0.655,6.44333333333333,4.14166666666667,7.62333333333333,12.9716666666667,1.43333333333333,0,95.69,4.31,8.13833333333333,21.01,38.36,19.16,16.82,0.00,100.00,358,21.2866666666667,78.7133333333333,4.82,3127
MITCHELL,48335,34412,22,1334,36.38,63.61,73.8214285714286,8.21142857142857,0.337142857142857,2.06714285714286,3.19428571428571,13.9257142857143,7.49857142857143,3.96857142857143,12.1328571428571,9.95285714285714,2.34285714285714,0,94.7571428571429,5.24285714285714,0.791428571428571,25.36,32.18,25.96,13.01,0.00,100.00,892,36.1142857142857,63.8857142857143,3.75,4313
MONTAGUE,48337,45036,28,928,10.95,89.04,91.4471428571429,0.583809523809524,0.839047619047619,1.93857142857143,2.0247619047619,6.90761904761905,5.35190476190476,10.7733333333333,3.71476190476191,9.87285714285714,1.85619047619048,0,95.6190476190476,4.38095238095238,0.888095238095238,18.80,34.36,24.54,17.01,16.22,83.77,556,23.1509523809524,76.8490476190476,5.88,12186
MONTGOMERY,48339,68463,33,2766,23.09,76.90,81.5626344086021,4.94989247311828,2.06516129032258,2.55274193548387,0.708333333333333,3.89123655913978,10.4434408602151,5.30161290322581,3.07983870967742,11.7172043010753,3.96295698924731,0.0225806451612903,94.9505913978495,5.02677419354839,0.230322580645161,15.28,25.93,24.67,26.27,8.94,91.05,1612,26.3625268817204,73.6374731182796,11.71,280126
MOORE,48341,46872,17,1506,53.78,46.21,72.3953333333333,2.626,5.46733333333333,2.006,5.15466666666667,1.454,19.3686666666667,3.756,5.50333333333333,10.5966666666667,2.22733333333333,0,96.034,3.966,4.45933333333333,27.70,31.66,21.29,15.59,0.00,100.00,3007,33.5966666666667,66.4033333333333,11.63,8939
MORRIS,48343,34738,22,913,9.44,90.55,68.2978571428572,22.9592857142857,0.405714285714286,2.46285714285714,2.04285714285714,1.90785714285714,14.5592857142857,3.54928571428571,6.79142857142857,10.3042857142857,1.23928571428571,0,91.5314285714286,8.46857142857143,0.702857142857143,17.79,34.74,23.27,16.50,8.83,91.16,241,25.6092857142857,74.3907142857143,8.23,7831
MOTLEY,48345,36022,23,598,19.29,80.70,89.345,2.35,0.08,1.51,21.295,5.065,8.355,9.97,5.65,8.86,1.965,0,95.585,4.415,11.09,16.50,38.92,25.18,12.26,35.41,64.58,81,22.285,77.715,3.27,755
NACOGDOCHES,48347,36561,20,1698,17.40,82.59,68.5271794871795,18.2194871794872,1.45923076923077,2.0325641025641,4.60076923076923,2.1948717948718,11.8066666666667,3.89102564102564,3.74128205128205,9.38846153846154,2.15794871794872,0,95.5823076923077,4.41769230769231,1.33153846153846,19.70,28.47,21.15,20.26,0.76,99.23,1172,43.0405128205128,56.9594871794872,21.83,30233
NAVARRO,48349,39464,25,1379,25.22,74.77,65.5365714285714,16.822,0.529428571428571,2.60028571428571,2.49228571428571,1.72628571428571,17.2465714285714,5.018,3.38,12.8537142857143,2.81028571428571,0.0765714285714286,93.2871428571429,6.63542857142857,0.591714285714286,23.73,34.10,21.96,16.63,3.40,96.59,1226,31.1357142857143,68.8642857142857,11.50,25614
NEWTON,48351,37920,34,1003,3.26,96.73,75.1971428571428,20.9835714285714,0.401428571428571,1.86357142857143,6.38571428571429,5.29714285714286,9.53642857142857,5.235,3.81785714285714,10.5771428571429,2.21428571428571,0,89.99,10.01,3.12,21.68,44.64,22.68,9.69,7.46,92.53,55,16.2571428571429,83.7428571428571,0.78,6372
NOLAN,48353,37507,19,874,35.12,64.87,82.5052941176471,4.40294117647059,0.552941176470588,2.67352941176471,4.77235294117647,1.99647058823529,10.2805882352941,3.86235294117647,6.46411764705882,14.1617647058824,1.59352941176471,0,95.2817647058824,4.71823529411765,2.29117647058824,23.13,29.96,20.21,21.78,4.41,95.58,1425,30.1941176470588,69.8058823529412,10.59,8095
NUECES,48355,48785,20,1471,64.17,35.82,80.4645643153527,4.2298755186722,1.5854356846473,2.54190871369295,0.977427385892116,1.66502074688797,5.27663900414938,5.35390041493776,5.45195020746888,13.3498340248963,2.49701244813278,0.922240663900415,93.2465145228216,5.83149377593361,0.751867219917012,23.20,26.44,25.09,18.05,4.91,95.08,4641,38.9217012448133,61.0783817427386,26.00,182163
OCHILTREE,48357,56103,17,1227,48.72,51.27,84.8044444444444,0.605555555555556,0.751111111111111,2.50888888888889,6.74111111111111,16.6444444444444,3.77777777777778,3.79222222222222,1.98111111111111,10.1033333333333,1.88444444444444,0,97.2366666666667,2.76333333333333,2.10222222222222,22.42,30.66,19.03,21.88,5.89,94.11,1751,24.7855555555556,75.2144444444445,7.05,5013
OLDHAM,48359,49328,17,1041,12.87,87.13,89,3.525,0.835,1.62,17.1,1.87,2.405,3.8,4.695,7.32,0.66,0,95.77,4.23,11.945,15.38,22.73,27.36,28.92,4.35,95.65,93,31.76,68.24,7.51,1308
ORANGE,48361,47347,23,1287,7.61,92.38,82.6546153846154,10.7470769230769,1.08630769230769,1.96061538461538,0.247692307692308,0.746615384615385,16.1583076923077,7.31476923076923,3.86276923076923,13.7356923076923,2.10892307692308,0.108461538461538,90.4516923076923,9.43953846153846,0.0224615384615385,15.81,42.06,24.08,15.17,6.12,93.87,953,25.0089230769231,74.9912307692308,11.53,49388
PALO PINTO,48363,38635,24,1154,21.93,78.06,83.8345833333333,3.06333333333333,0.570416666666667,2.22583333333333,3.04958333333333,6.8175,17.1045833333333,3.25291666666667,5.82,13.0716666666667,1.89166666666667,0.377083333333333,94.3183333333333,5.30416666666667,1.59375,23.98,30.92,26.54,14.52,0.64,99.35,1070,32.465,67.535,8.73,16076
PANOLA,48365,51747,26,1145,8.58,91.41,74.3404761904762,18.0061904761905,0.441428571428572,2.07238095238095,0.979047619047619,14.4838095238095,7.90809523809524,5.7,1.24142857142857,8.34666666666667,2.52190476190476,0,95.1561904761905,4.84380952380952,0.772380952380952,17.44,36.97,25.98,17.01,5.70,94.29,241,22.8404761904762,77.1595238095238,3.10,14885
PARKER,48367,64858,31,2226,11.79,88.20,90.4887272727273,1.92036363636364,0.604181818181818,2.06418181818182,1.97163636363636,4.65436363636364,9.46236363636364,6.45672727272727,5.89036363636364,10.6294545454545,2.19327272727273,0.08,94.9061818181818,5.01454545454545,0.156363636363636,12.85,28.55,28.76,22.81,9.08,90.91,521,21.5032727272727,78.4967272727273,5.82,76687
PARMER,48369,43508,15,1114,60.15,39.84,76.6277777777778,1.36666666666667,0.346666666666667,2.42777777777778,19.7366666666667,0.118888888888889,21.0911111111111,3.06333333333333,1.80111111111111,6.48666666666667,2.66333333333333,0,95.51,4.49,13.88,33.09,25.20,18.47,20.82,1.09,98.90,877,31.6433333333333,68.3566666666667,6.25,4236
PECOS,48371,42750,18,1120,70.74,29.25,78.1642857142857,2.42571428571429,1.07642857142857,2.525,3.64357142857143,12.9092857142857,1.83428571428571,4.72142857142857,8.53285714285714,10.3892857142857,1.10071428571429,0,95.74,4.26,3.94285714285714,34.29,30.23,16.34,14.43,2.09,97.91,1182,26.7671428571429,73.2328571428571,8.75,7809
POLK,48373,40200,29,1476,13.43,86.56,76.9632258064516,11.4283870967742,0.829354838709677,1.92935483870968,1.90741935483871,1.69709677419355,6.48935483870968,4.53838709677419,9.56935483870968,11.3996774193548,1.19838709677419,0,92.8887096774194,7.11129032258064,1.3758064516129,24.07,34.46,23.93,13.95,6.41,93.58,322,22.2077419354839,77.7922580645161,5.26,33546
POTTER,48375,36611,18,1264,38.93,61.06,67.4744329896907,9.94422680412371,3.61742268041237,3.55319587628866,0.78340206185567,0.403092783505155,10.1874226804124,6.19628865979381,3.45123711340206,15.2262886597938,2.4420618556701,0,93.840206185567,5.12886597938144,0.349587628865979,26.38,25.99,25.01,17.90,1.78,98.21,3238,40.9741237113402,57.9949484536082,18.48,50536
PRESIDIO,48377,36796,20,1203,77.63,22.36,85.0416666666667,0.87,0.931666666666667,2.27,13.8483333333333,2.20333333333333,0.981666666666667,3.59666666666667,2.64333333333333,11.9283333333333,1.30166666666667,0.611666666666667,88.725,10.665,11.6183333333333,42.87,20.75,12.72,16.28,0.00,100.00,752,31.13,68.87,8.95,3329
RAINS,48379,41293,38,2199,8.47,91.52,89.702,2.826,0.676,2.008,1.302,0.878,11.582,3.57,3.744,9.036,1.804,0,93.966,6.034,1.994,19.04,38.78,23.79,14.56,7.02,92.98,83,21.978,78.022,5.09,6392
RANDALL,48381,59218,18,1334,19.10,80.89,87.1811458333333,2.760625,1.511875,2.47729166666667,0.784583333333333,0.55625,8.81645833333333,5.95729166666667,5.63114583333333,14.6028125,4.20541666666667,0.0538541666666667,96.4935416666667,3.45239583333333,1.57,9.04,23.55,28.47,29.39,6.18,93.81,3944,28.8840625,71.1159375,18.22,78099
REAGAN,48383,52357,21,906,65.49,34.51,74.1025,2.35,0.3075,2.71,5.355,31.2775,4.715,6.2375,2.9075,7.53,6,0,98.1675,1.8325,3.3425,32.82,32.50,20.44,10.42,2.44,97.56,2327,26.495,73.505,2.82,1722
REAL,48385,32432,20,1114,30.97,69.02,88.4566666666667,0.93,0.173333333333333,2.60333333333333,8.36333333333333,0.0733333333333333,2.72,6.58,4.98,14.81,0,0,92.6066666666667,7.39333333333333,5.80333333333333,25.80,23.10,28.32,18.87,7.48,92.51,85,25.0666666666667,74.9333333333333,0.13,2020
RED RIVER,48387,32342,26,839,7.39,92.60,72.8046666666667,19.9126666666667,0.442,2.06266666666667,5.17933333333333,2.70133333333333,18.302,2.27533333333333,7.31866666666667,10.4793333333333,1.67,0,91.1113333333333,8.88866666666667,1.396,26.78,37.26,21.94,11.66,3.71,96.28,298,29.3266666666667,70.6733333333333,9.16,7602
REEVES,48389,34456,17,1270,80.82,19.17,75.8390909090909,2.88727272727273,1.05909090909091,2.27454545454545,2.57636363636364,15.1163636363636,2.16545454545455,2.60272727272727,10.6290909090909,10.5954545454545,2.53363636363636,0,92.4763636363636,7.52363636363636,1.41636363636364,44.85,27.42,15.33,10.26,0.00,100.00,1685,25.3763636363636,74.6236363636364,10.97,6362
REFUGIO,48391,40456,24,904,50.67,49.32,77.76375,7.19875,0.65875,2.7075,4.5575,7.52,4.58625,9.1675,8.00875,5.61125,3.11625,0,96.1325,3.8675,2.8325,29.35,31.30,25.43,10.24,2.75,97.24,990,26.81625,73.18375,6.19,4789
ROBERTS,48393,60702,19,693,16.45,83.55,86.44,0.43,0.29,4.76,12.2,3.45,1.33,0.8,5.57,5.04,0,0,96.92,3.08,5.31,5.86,26.57,25.94,30.96,7.46,92.54,0,21.35,78.65,0.68,572
ROBERTSON,48395,41834,26,1177,18.70,81.29,65.1071428571429,23.2192857142857,0.670714285714286,2.50214285714286,5.915,2.39357142857143,8.1,3.20571428571429,4.51571428571429,8.755,1.59285714285714,0.00785714285714286,93.7285714285714,6.26285714285714,3.20857142857143,21.88,37.24,20.00,16.77,3.98,96.01,68,28.33,71.67,10.61,10603
ROCKWALL,48397,88350,34,2903,16.77,83.22,81.972,6.48533333333333,2.69866666666667,2.29166666666667,0.304666666666667,0.476333333333333,10.5746666666667,4.72266666666667,5.311,11.6913333333333,4.61933333333333,0.311,94.2316666666667,5.45766666666667,0.364666666666667,8.14,22.06,25.94,33.17,8.64,91.35,1820,19.7743333333333,80.2256666666667,8.63,51399
RUNNELS,48399,35935,19,863,35.10,64.89,80.5841666666667,2.415,0.291666666666667,2.12166666666667,4.66166666666667,5.19416666666667,21.1375,3.565,5.0125,8.92083333333333,1.80166666666667,0,94.4175,5.5825,2.56416666666667,25.41,36.63,20.10,13.30,1.37,98.62,435,24.6708333333333,75.3291666666667,5.35,6248
RUSK,48401,43452,24,1323,15.76,84.23,70.3912195121951,18.0509756097561,0.498536585365854,2.2309756097561,1.54634146341463,9.94439024390244,9.05512195121951,5.98317073170732,4.21780487804878,9.85073170731707,3.6290243902439,0,94.3943902439024,5.60560975609756,1.39463414634146,20.05,33.30,25.67,17.07,9.42,90.57,410,24.2636585365854,75.7363414634146,6.20,27479
SABINE,48403,37763,26,1023,3.43,96.56,88.477,7.413,0.428,1.746,5.104,2.826,8.363,4.022,6.906,6.868,2.461,0,87.03,12.97,2.868,19.99,39.77,23.82,13.41,7.74,92.25,32,15.964,84.036,3.35,6725
SAN AUGUSTINE,48405,31352,27,1099,8.42,91.57,65.80625,26.64375,0.54375,1.63375,7.78375,1.52125,13.78875,3.46375,1.49875,11.505,3.57,0,90.51875,9.48125,3.8525,27.41,38.25,19.80,9.81,2.88,97.11,81,22.7725,77.2275,5.93,5110
SAN JACINTO,48407,43810,40,1822,9.66,90.33,81.9386666666667,11.0026666666667,0.476,2.038,0.844,3.51466666666667,7.64933333333333,4.29266666666667,6.784,9.03733333333333,2.152,0,93.918,6.082,0.398,21.09,34.67,28.88,11.70,6.48,93.51,80,16.1013333333333,83.8986666666667,1.83,15456
SAN PATRICIO,48409,50443,22,1488,57.03,42.96,84.5304444444444,2.01088888888889,0.706666666666667,2.60155555555556,1.66444444444444,4.30844444444444,6.90044444444444,6.434,8.25488888888889,10.4468888888889,1.15977777777778,0.424888888888889,92.4324444444444,7.142,1.33466666666667,25.30,26.56,26.75,17.63,1.81,98.18,1145,30.2948888888889,69.7051111111111,11.73,37917
SAN SABA,48411,36746,19,1192,32.71,67.28,82.33,2.45,0.252,1.644,9.862,1.082,7.832,2.21,12.894,9.544,1.674,0,93.692,6.308,6.058,22.57,36.56,19.52,15.81,0.00,100.00,541,25.042,74.958,5.27,3490
SCHLEICHER,48413,47305,18,1040,52.92,47.07,76.35,1.65333333333333,0.376666666666667,3.63666666666667,13.5966666666667,15.78,3.04,3.56333333333333,4.51333333333333,5.78333333333333,0.753333333333333,0,96.6833333333333,3.31666666666667,1.87,24.38,30.84,20.77,22.15,0.00,100.00,92,28.08,71.92,5.33,1698
SCURRY,48415,51236,16,1246,39.07,60.92,78.0978571428572,4.17428571428571,0.817857142857143,2.58642857142857,2.49928571428571,17.145,3.56357142857143,6.96857142857143,8.45142857142857,7.77,3.14714285714286,0,96.3992857142857,3.60071428571429,0.629285714285714,24.03,28.72,23.04,19.69,0.00,100.00,1060,26.67,73.33,10.62,9001
SHACKELFORD,48417,49313,19,844,9.98,90.01,92.37,1.1125,0.255,2.2175,7.935,16.9025,4.3175,4.785,8.3,8.7125,1.8525,0.26,97.48,2.26,2.9075,17.17,26.87,26.06,22.59,5.01,94.99,144,23.5375,76.4625,7.97,2170
SHELBY,48419,37050,25,1313,17.80,82.19,66.8385,17.467,0.7045,1.8685,6.6025,7.2265,17.169,3.8645,1.2845,12.787,5.0955,0,93.924,6.076,5.101,23.52,38.59,21.91,12.21,5.63,94.36,134,25.82,74.18,5.69,13920
SHERMAN,48421,49294,16,1554,39.76,60.23,87.9,0.495,0.285,1.695,25.87,0.27,7.485,3.24,6.18,7.21,2.27,0,95.83,4.17,19.05,23.00,30.15,19.58,23.22,13.41,86.58,811,25.98,74.02,3.96,1312
SMITH,48423,47894,22,1679,19.31,80.68,66.7888461538462,20.1247692307692,1.28123076923077,2.17630769230769,0.976461538461538,2.65761538461538,7.79976923076923,4.858,3.45746153846154,13.1153076923077,3.26530769230769,0.0120769230769231,94.4063846153846,5.58153846153846,0.859307692307692,15.75,25.22,25.75,25.95,8.97,91.02,1922,35.1567692307692,64.8432307692308,16.78,125375
SOMERVELL,48425,47216,25,1746,19.00,80.99,84.464,0.91,0.684,2.95,1.98,2.364,4.776,0.578,8.946,5.588,2.762,0,95.772,4.228,0.02,14.03,33.07,21.64,25.48,17.59,82.40,340,26.674,73.326,6.23,5448
STARR,48427,25165,22,1683,95.44,4.55,95.5194594594594,0.274054054054054,0.346216216216216,0.602432432432432,4.16216216216216,2.87648648648649,2.69027027027027,4.98324324324324,7.12189189189189,12.7240540540541,1.75324324324324,0.00648648648648649,85.9089189189189,14.0848648648649,2.56297297297297,50.27,20.45,15.11,11.86,0.30,99.69,1297,21.2808108108108,78.7191891891892,4.76,26696
STEPHENS,48429,41987,16,934,21.98,78.01,83.905,2.272,0.307,1.561,3.382,14.027,9.412,5.501,8.089,13.341,1.435,0,95.432,4.568,1.712,22.60,31.35,28.24,14.20,2.00,97.99,618,25.754,74.247,9.91,5315
STERLING,48431,53346,20,1229,41.09,58.91,86.57,1.46,0.16,2.52,12.5,13.61,4.33,1.61,7.18,8.42,3.34,0,97.35,2.65,4.83,25.09,31.27,17.84,23.19,1.04,98.96,1,21.8,78.2,0.97,818
STONEWALL,48433,37786,20,725,15.87,84.12,84.595,4.655,0.685,2.465,16.395,11.27,1.655,2.16,6.86,10.535,1.38,0,96.19,3.81,3.76,17.51,27.91,27.42,21.22,2.17,97.82,105,22.57,77.43,5.70,957
SUTTON,48435,60749,14,985,58.54,41.45,87.9675,0.5125,0.4625,1.9375,2.275,23.79,5.5,4.375,5.365,11.63,2.3675,0,97.54,2.46,0.625,31.76,27.88,21.12,14.95,0.83,99.16,82,27.3225,72.6775,5.81,2363
SWISHER,48437,38090,18,985,42.07,57.92,72.8675,7.51125,0.12625,2.05375,18.87875,0.58875,6.72375,3.99125,11.16625,12.26625,2.6025,0,93.56125,6.43875,9.02875,24.10,34.56,20.23,16.26,0.42,99.57,528,29.59625,70.40375,7.59,3934
TARRANT,48439,58862,26,1646,29.49,70.50,65.8249447748513,14.6900169923534,4.23316907391674,3.16165675446049,0.314944774851317,0.741367884451997,11.3622599830076,5.23690739167375,3.57384027187765,11.1641121495327,3.26236193712829,0.178232795242141,93.7255225148683,6.01127442650807,0.0825488530161427,18.23,24.74,23.50,25.16,8.61,91.38,4741,36.439728122345,63.4753271028038,24.62,985166
TAYLOR,48441,45995,16,1162,25.18,74.81,76.7236206896552,7.89991379310345,1.57629310344828,3.43560344827586,0.113448275862069,1.61810344827586,3.69137931034483,6.26827586206897,6.23534482758621,11.3475862068965,3.19008620689655,4.70948275862069,89.9143103448276,4.51413793103448,0.499310344827586,16.63,27.41,26.91,21.34,2.70,97.29,2928,39.1004310344828,59.1754310344828,16.86,72706
TERRELL,48443,39930,20,880,49.55,50.45,81.25,0.91,2.16,1.82,9.25,3.86,3.86,1.03,14.4,14.4,0,0,93.73,6.27,4.63,20.12,30.11,14.59,27.96,0.00,100.00,0,28.08,71.92,0.43,652
TERRY,48445,34402,20,974,53.53,46.46,79.8676923076923,4.40923076923077,0.41,2.86923076923077,12.8969230769231,5.91,8.75307692307692,4.80923076923077,5.67307692307692,16.2446153846154,1.29153846153846,0,95.1407692307692,4.85923076923077,5.52307692307692,33.56,35.39,16.85,10.85,3.86,96.13,912,31.1538461538461,68.8461538461538,5.75,6653
THROCKMORTON,48447,42520,22,788,10.35,89.64,94.22,0.65,0.45,0.945,17.435,16.17,3.325,2.505,10,9.975,1.305,0,96.365,3.635,9.48,24.20,32.44,17.46,20.92,0.00,100.00,41,23.935,76.065,5.31,1138
TITUS,48449,38906,18,1502,41.76,58.23,63.6022727272727,12.4004545454545,0.796818181818182,2.56590909090909,2.25727272727273,2.70863636363636,23.1995454545455,4.61863636363636,2.49590909090909,13.4763636363636,3.36863636363636,0,93.2436363636364,6.75636363636364,0.93,31.20,29.60,22.23,13.14,3.17,96.82,1104,32.4877272727273,67.5122727272727,9.18,15219
TOM GREEN,48451,43649,18,1196,40.86,59.13,79.2011340206186,4.64690721649485,1.00546391752577,3.09226804123711,2.61989690721649,1.97948453608247,8.41340206185567,4.63030927835052,7.47969072164948,12.3036082474227,2.44474226804124,7.84783505154639,87.7879381443299,4.36443298969072,1.03618556701031,18.41,33.83,23.29,19.06,3.04,96.95,2816,38.2722680412371,61.7277319587629,19.10,59310
TRAVIS,48453,62139,24,1994,32.90,67.09,70.3230517241379,8.11356896551724,5.18498275862069,3.37686206896552,0.354655172413793,0.259189655172414,7.95413793103448,5.23353448275862,6.37615517241379,10.0542068965517,2.04737931034483,0.0582241379310345,95.0346379310345,4.73477586206897,0.16851724137931,14.08,17.05,19.70,32.84,6.14,93.85,5253,47.3253103448276,52.3299310344827,39.52,635876
TRINITY,48455,34329,33,1016,10.06,89.93,81.5821428571429,10.1885714285714,0.492142857142857,1.89857142857143,5.33857142857143,1.58714285714286,4.93071428571429,5.59785714285714,19.1864285714286,8.98857142857143,1.45571428571429,0,93.3121428571429,6.68785714285714,4.34714285714286,20.23,41.78,22.55,12.20,0.00,100.00,171,20.8457142857143,79.1542857142857,3.10,9106
TYLER,48457,38658,32,1333,5.65,94.34,83.459375,10.5175,0.3575,1.673125,7.540625,4.28625,9.445,4.5875,5.434375,6.9575,0.904375,0,91.419375,8.58125,2.326875,16.10,39.62,28.14,11.87,2.68,97.31,93,17.334375,82.665625,3.42,12056
UPSHUR,48459,44068,28,1493,7.54,92.45,83.0496296296296,9.69444444444444,0.573703703703704,2.50333333333333,1.68259259259259,3.27111111111111,12.6174074074074,4.94555555555556,4.32074074074074,9.9037037037037,2.17851851851852,0,95.3218518518519,4.67814814814815,1.95,14.84,36.29,27.11,17.28,4.78,95.21,265,21.73,78.27,7.13,25732
UPTON,48461,50913,19,1107,52.57,47.42,73.3833333333333,2.02666666666667,0.226666666666667,2.39666666666667,5.15333333333333,9.44333333333333,5.57666666666667,6.02333333333333,6.49333333333333,4.87,2.79,0,97.1766666666667,2.82333333333333,2.17,27.78,36.68,20.79,12.13,0.00,100.00,413,21.8466666666667,78.1533333333333,3.88,2172
UVALDE,48463,35684,19,1504,66.65,33.34,78.7022222222222,0.912222222222222,0.673888888888889,3.12944444444444,5.14888888888889,3.53833333333333,4.69777777777778,5.34611111111111,7.00944444444444,10.3122222222222,2.51944444444444,0.00555555555555556,93.625,6.36944444444444,5.05277777777778,29.38,23.53,24.21,18.96,0.53,99.46,980,27.5005555555556,72.5,8.42,14411
VAL VERDE,48465,40526,18,1436,78.88,21.11,85.0117647058823,1.66676470588235,0.603823529411765,2.07882352941176,1.78823529411765,1.14352941176471,6.14,5.38735294117647,16.5841176470588,9.81088235294118,1.18882352941176,4.21323529411765,89.1388235294118,6.64852941176471,1.31088235294118,34.78,24.96,17.90,18.09,1.31,98.68,2435,36.8664705882353,63.1335294117647,15.79,25137
VAN ZANDT,48467,43554,36,1416,10.60,89.39,89.29,3.37513513513513,0.413513513513514,2.12864864864865,2.33567567567568,2.41594594594595,7.61783783783784,6.75891891891892,5.64621621621622,9.7827027027027,2.30486486486486,0,94.087027027027,5.91297297297297,2.46378378378378,19.51,36.05,24.05,15.25,4.75,95.24,187,22.6445945945946,77.3554054054054,5.45,30869
VICTORIA,48469,51045,21,1413,46.15,53.84,77.388,6.36784615384615,1.20784615384615,2.54769230769231,0.936307692307692,4.61123076923077,10.8018461538462,4.29230769230769,2.66938461538462,12.1636923076923,3.81538461538462,0.0890769230769231,93.5369230769231,4.83584615384615,0.207076923076923,21.83,30.53,24.55,18.18,12.30,87.69,2365,33.3623076923077,65.0992307692308,17.04,50525
WALKER,48471,40374,23,1810,18.54,81.45,66.7439473684211,21.6013157894737,1.05342105263158,2.06078947368421,2.24578947368421,1.85394736842105,8.29052631578947,5.10578947368421,17.9502631578947,10.5992105263158,1.61289473684211,0,94.1357894736842,5.86421052631579,1.25947368421053,18.09,29.67,27.02,18.70,4.28,95.71,2502,43.1986842105263,54.1697368421053,23.19,29128
WALLER,48473,48184,33,2389,30.62,69.37,60.0736842105263,22.23,0.708947368421053,2.38473684210526,2.08842105263158,2.85263157894737,13.4936842105263,4.07526315789474,4.41578947368421,9.30157894736842,2.18631578947368,0.0347368421052632,95.3831578947368,4.58157894736842,1.93473684210526,20.16,31.38,20.39,21.80,1.42,98.58,263,30.5768421052632,64.16,12.51,27720
WARD,48475,48833,21,1122,54.07,45.92,74.537,4.486,0.733,3.685,0.905,19.318,4.783,4.462,6.916,7.265,2.531,0,96.145,3.855,0.153,26.34,35.99,21.23,12.73,1.81,98.18,2195,21.28,78.72,9.96,5965
WASHINGTON,48477,44419,22,1431,14.60,85.39,71.3429166666667,19.9570833333333,1.36583333333333,1.82083333333333,4.38541666666667,1.45875,13.5691666666667,4.02666666666667,5.37916666666667,11.5120833333333,1.77416666666667,0.0366666666666667,95.4208333333333,4.5425,3.40833333333333,19.77,29.44,18.67,24.29,1.68,98.31,953,29.5716666666667,70.4283333333333,13.56,21582
WEBB,48479,34920,22,1909,95.59,4.40,87.5623404255319,0.579219858156028,0.487234042553192,1.58567375886525,0.656170212765958,2.02375886524823,2.86751773049645,6.39042553191489,7.32283687943262,12.3419858156028,3.6677304964539,0,93.1339007092199,6.86609929078014,0.0601418439716312,39.24,21.33,19.66,15.79,2.58,97.41,6698,40.9079432624114,59.0921276595745,22.14,113002
WHARTON,48481,42167,25,1182,39.34,60.65,70.0468571428571,15.0017142857143,0.575714285714286,2.12257142857143,5.11771428571429,4.50085714285714,8.14771428571429,3.66171428571429,3.78228571428571,14.7962857142857,3.86542857142857,0,94.3231428571428,5.67714285714286,3.714,23.39,34.34,19.97,18.60,1.20,98.79,928,32.0262857142857,67.9737142857143,10.32,23664
WHEELER,48483,46864,19,1166,23.96,76.03,80.658,3.426,0.576,3.376,8.982,8.996,1.446,7.086,5.724,9.366,2.526,0,96.792,3.208,3.596,19.42,38.47,20.88,18.17,0.18,99.81,327,22.882,77.118,2.76,3253
WICHITA,48485,44442,16,1249,19.15,80.84,74.861320754717,10.8144339622642,1.83905660377358,3.19367924528302,0.755188679245283,2.01264150943396,8.51292452830189,6.89424528301887,8.87801886792453,14.3269811320755,2.15320754716981,4.33330188679245,89.4449056603774,5.27867924528302,0.452452830188679,17.86,34.47,24.28,17.75,3.19,96.80,2307,40.3778301886792,58.6787735849057,20.72,69793
WILBARGER,48487,36843,14,1092,29.45,70.54,74.7191666666667,9.44,0.936666666666667,3.06083333333333,4.3375,4.66583333333333,6.84916666666667,4.69,6.7025,10.2491666666667,1.03833333333333,0,96.0358333333333,3.96416666666667,1.79083333333333,26.30,32.44,19.77,15.14,5.85,94.14,1325,38.8716666666667,61.1283333333333,16.76,7649
WILLACY,48489,30460,19,1472,88.56,11.43,85.3,1.32,0.446,2.32733333333333,8.052,0.579333333333333,1.898,4.612,17.1893333333333,11.6233333333333,1.85066666666667,0.012,86.5173333333334,13.4706666666667,5.72533333333333,41.09,25.63,15.51,14.87,1.18,98.81,1359,23.8886666666667,76.1113333333333,6.81,8968
WILLIAMSON,48491,73652,28,1961,24.54,75.45,77.8649794238683,5.95197530864198,4.65444444444445,3.20514403292181,0.684238683127572,0.306584362139918,11.1957613168724,5.17769547325103,6.41975308641975,12.951975308642,2.65810699588477,0.420699588477366,94.9178600823045,4.66131687242798,0.297901234567901,8.83,22.34,25.00,32.86,6.34,93.65,2839,28.1665843621399,71.8334156378601,18.88,268720
WILSON,48493,63880,34,1576,36.84,63.15,89.1403448275862,1.71034482758621,0.382413793103448,2.11275862068966,3.70965517241379,0.811379310344828,8.48068965517241,3.33344827586207,5.74862068965517,10.4355172413793,4.16,0.174827586206897,94.8593103448276,4.9651724137931,0.946206896551724,15.70,35.78,23.89,19.65,5.30,94.69,183,15.5241379310345,84.4758620689655,2.87,27484
WINKLER,48495,49936,23,850,54.04,45.95,73.7177777777778,2.00111111111111,0.296666666666667,3.39666666666667,0.355555555555556,25.0033333333333,3.65,4.97777777777778,2.52888888888889,4.27,1.48,0,95.73,4.27,0.29,29.70,32.30,20.49,14.15,5.49,94.51,1734,17.9588888888889,82.0411111111111,3.28,3514
WISE,48497,56668,30,1755,18.62,81.37,87.2871428571429,1.54285714285714,0.529428571428571,2.20285714285714,1.79142857142857,6.78114285714286,8.29485714285715,7.95714285714286,3.58028571428571,11.2611428571429,1.76085714285714,0.169142857142857,94.4271428571429,5.40371428571429,0.942,16.53,35.81,25.28,17.55,10.46,89.53,177,20.3537142857143,79.6462857142857,5.83,35031
WOOD,48499,43149,28,1511,10.45,89.54,86.8410714285714,5.09642857142857,0.716071428571429,1.71321428571429,2.54035714285714,3.64071428571429,7.24357142857143,6.35178571428571,3.42571428571429,10.6735714285714,1.61071428571429,0,94.1028571428571,5.89714285714286,3.69535714285714,17.94,36.10,24.17,16.66,2.26,97.73,264,22.6546428571429,77.3453571428571,6.99,26614
YOAKUM,48501,53703,17,1371,63.25,36.74,72.0683333333333,1.445,0.361666666666667,3.14833333333333,10.1216666666667,21.84,5.59666666666667,4.22666666666667,5.745,8.84833333333333,2.05833333333333,0,96.835,3.165,8.43166666666667,32.23,30.61,17.97,15.74,1.82,98.17,994,22.95,77.05,3.44,3719
YOUNG,48503,43354,18,1080,20.01,79.98,88.0547058823529,1.53411764705882,0.507058823529412,2.28941176470588,2.68058823529412,10.3741176470588,7.46647058823529,7.68882352941177,3.22882352941176,14.2170588235294,1.37294117647059,0.0188235294117647,95.5894117647059,4.39176470588235,0.985294117647059,21.95,32.23,24.96,16.91,0.45,99.54,1099,28.9723529411765,71.0276470588235,13.55,11345
ZAPATA,48505,32819,19,1612,92.94,7.06,92.5511111111111,0.431111111111111,0.276666666666667,0.621111111111111,3.39,8.34444444444444,1.36333333333333,5.15888888888889,15.1044444444444,10.0522222222222,2.95333333333333,0,94.2777777777778,5.72222222222222,1.49666666666667,44.95,27.58,16.36,8.64,0.00,100.00,1012,20.06,79.94,6.06,6872
ZAVALA,48507,24764,16,1358,91.91,8.08,87.7566666666667,1.12666666666667,0.0522222222222222,1.67,4.90555555555556,2.23555555555556,3.77666666666667,0.812222222222222,12.4155555555556,7.08111111111111,1.64222222222222,0.0644444444444444,87.6044444444445,12.3311111111111,4.16333333333333,36.71,26.06,24.09,11.19,0.00,100.00,1912,28.6222222222222,71.3777777777778,16.89,6024
